"id","matchDate","Country","League","Season","homeTeam","awayTeam","HCFT","ACFT","HC1H","AC1H","HC2H","AC2H","HYCFT","AYCFT","HYC1H","AYC1H","HYC2H","AYC2H"
"120872","24-05-26 21:00","Spain","LaLiga","2025/2026","Villarreal","Atl. Madrid","5","9","4","5","1","4","0","1","0","1","0","0"
"120807","23-05-26 21:00","Spain","LaLiga","2025/2026","Alaves","Rayo Vallecano","10","5","4","2","6","3","3","3","0","0","3","3"
"120808","23-05-26 21:00","Spain","LaLiga","2025/2026","Betis","Levante","4","8","0","4","4","4","1","2","1","1","0","1"
"120809","23-05-26 21:00","Spain","LaLiga","2025/2026","Celta Vigo","Sevilla","4","3","2","1","2","2","1","1","1","0","0","1"
"120810","23-05-26 21:00","Spain","LaLiga","2025/2026","Espanyol","Real Sociedad","3","5","0","1","3","4","1","3","0","2","1","1"
"120811","23-05-26 21:00","Spain","LaLiga","2025/2026","Getafe","Osasuna","2","4","0","3","2","1","1","2","0","0","1","2"
"120812","23-05-26 21:00","Spain","LaLiga","2025/2026","Girona","Elche","2","1","2","1","0","0","4","4","1","1","3","3"
"120813","23-05-26 21:00","Spain","LaLiga","2025/2026","Mallorca","Oviedo","5","5","3","3","2","2","2","1","0","1","2","0"
"120814","23-05-26 21:00","Spain","LaLiga","2025/2026","Real Madrid","Ath Bilbao","2","1","2","1","0","0","2","0","2","0","0","0"
"120815","23-05-26 21:00","Spain","LaLiga","2025/2026","Valencia","Barcelona","7","8","5","4","2","4","2","2","0","0","2","2"
"120670","17-05-26 21:15","Spain","LaLiga","2025/2026","Barcelona","Betis","6","4","4","2","2","2","1","0","1","0","0","0"
"120661","17-05-26 19:00","Spain","LaLiga","2025/2026","Ath Bilbao","Celta Vigo","5","0","4","0","1","0","2","2","1","2","1","0"
"120662","17-05-26 19:00","Spain","LaLiga","2025/2026","Atl. Madrid","Girona","9","8","2","2","7","6","2","0","1","0","1","0"
"120663","17-05-26 19:00","Spain","LaLiga","2025/2026","Elche","Getafe","4","0","3","0","1","0","3","1","0","0","3","1"
"120664","17-05-26 19:00","Spain","LaLiga","2025/2026","Levante","Mallorca","4","6","3","4","1","2","2","0","1","0","1","0"
"120665","17-05-26 19:00","Spain","LaLiga","2025/2026","Osasuna","Espanyol","9","2","3","1","6","1","1","2","0","1","1","1"
"120666","17-05-26 19:00","Spain","LaLiga","2025/2026","Oviedo","Alaves","5","2","4","1","1","1","3","1","0","0","3","1"
"120667","17-05-26 19:00","Spain","LaLiga","2025/2026","Rayo Vallecano","Villarreal","1","9","1","3","0","6","2","1","0","0","2","1"
"120668","17-05-26 19:00","Spain","LaLiga","2025/2026","Real Sociedad","Valencia","3","2","2","0","1","2","4","0","1","0","3","0"
"120669","17-05-26 19:00","Spain","LaLiga","2025/2026","Sevilla","Real Madrid","4","4","2","3","2","1","4","0","0","0","4","0"
"120452","14-05-26 21:30","Spain","LaLiga","2025/2026","Real Madrid","Oviedo","4","5","2","3","2","2","0","0","0","0","0","0"
"120451","14-05-26 20:00","Spain","LaLiga","2025/2026","Girona","Real Sociedad","6","3","2","2","4","1","2","7","0","1","2","6"
"120450","14-05-26 19:00","Spain","LaLiga","2025/2026","Valencia","Rayo Vallecano","5","1","2","1","3","0","1","1","1","0","0","1"
"120440","13-05-26 21:30","Spain","LaLiga","2025/2026","Alaves","Barcelona","6","4","5","2","1","2","1","2","0","0","1","2"
"120441","13-05-26 21:30","Spain","LaLiga","2025/2026","Getafe","Mallorca","3","3","2","3","1","0","3","4","0","2","3","2"
"120438","13-05-26 19:00","Spain","LaLiga","2025/2026","Espanyol","Ath Bilbao","8","9","6","6","2","3","0","0","0","0","0","0"
"120439","13-05-26 19:00","Spain","LaLiga","2025/2026","Villarreal","Sevilla","6","4","2","2","4","2","2","1","0","0","2","1"
"120229","12-05-26 21:30","Spain","LaLiga","2025/2026","Osasuna","Atl. Madrid","8","4","4","2","4","2","6","5","3","0","3","5"
"120228","12-05-26 20:00","Spain","LaLiga","2025/2026","Betis","Elche","8","1","1","0","7","1","3","3","0","0","3","3"
"120227","12-05-26 19:00","Spain","LaLiga","2025/2026","Celta Vigo","Levante","4","4","1","0","3","4","0","2","0","0","0","2"
"119710","11-05-26 21:00","Spain","LaLiga","2025/2026","Rayo Vallecano","Girona","9","5","5","2","4","3","1","1","1","0","0","1"
"119416","10-05-26 21:00","Spain","LaLiga","2025/2026","Barcelona","Real Madrid","4","8","1","4","3","4","2","4","0","1","2","3"
"119415","10-05-26 18:30","Spain","LaLiga","2025/2026","Oviedo","Getafe","1","9","1","6","0","3","2","3","1","0","1","3"
"119414","10-05-26 16:15","Spain","LaLiga","2025/2026","Ath Bilbao","Valencia","13","5","5","4","8","1","2","3","1","0","1","3"
"119413","10-05-26 14:00","Spain","LaLiga","2025/2026","Mallorca","Villarreal","5","4","1","2","4","2","2","0","0","0","2","0"
"119298","09-05-26 21:00","Spain","LaLiga","2025/2026","Real Sociedad","Betis","4","3","2","1","2","2","2","3","0","0","2","3"
"119297","09-05-26 18:30","Spain","LaLiga","2025/2026","Atl. Madrid","Celta Vigo","10","0","5","0","5","0","1","2","0","1","1","1"
"119296","09-05-26 16:15","Spain","LaLiga","2025/2026","Sevilla","Espanyol","4","6","3","4","1","2","5","5","0","1","5","4"
"119295","09-05-26 14:00","Spain","LaLiga","2025/2026","Elche","Alaves","7","3","3","3","4","0","3","6","0","3","3","3"
"119228","08-05-26 21:00","Spain","LaLiga","2025/2026","Levante","Osasuna","15","1","3","1","12","0","2","0","1","0","1","0"
"119176","04-05-26 21:00","Spain","LaLiga","2025/2026","Sevilla","Real Sociedad","3","3","3","1","0","2","3","1","1","1","2","0"
"119132","03-05-26 21:00","Spain","LaLiga","2025/2026","Espanyol","Real Madrid","5","6","3","3","2","3","3","4","2","2","1","2"
"119131","03-05-26 18:30","Spain","LaLiga","2025/2026","Betis","Oviedo","5","4","5","2","0","2","0","0","0","0","0","0"
"119130","03-05-26 16:15","Spain","LaLiga","2025/2026","Getafe","Rayo Vallecano","4","1","2","0","2","1","3","5","1","1","2","4"
"119129","03-05-26 14:00","Spain","LaLiga","2025/2026","Celta Vigo","Elche","4","2","1","1","3","1","2","1","1","1","1","0"
"119030","02-05-26 21:00","Spain","LaLiga","2025/2026","Osasuna","Barcelona","3","7","2","5","1","2","2","2","0","1","2","1"
"119029","02-05-26 18:30","Spain","LaLiga","2025/2026","Alaves","Ath Bilbao","4","7","1","4","3","3","4","4","1","1","3","3"
"119028","02-05-26 16:15","Spain","LaLiga","2025/2026","Valencia","Atl. Madrid","1","7","0","3","1","4","1","3","0","1","1","2"
"119027","02-05-26 14:00","Spain","LaLiga","2025/2026","Villarreal","Levante","7","3","4","0","3","3","3","1","1","1","2","0"
"118899","01-05-26 21:00","Spain","LaLiga","2025/2026","Girona","Mallorca","5","2","1","1","4","1","4","2","1","0","3","2"
"118834","27-04-26 21:00","Spain","LaLiga","2025/2026","Espanyol","Levante","4","4","4","1","0","3","3","3","0","0","3","3"
"118794","26-04-26 21:00","Spain","LaLiga","2025/2026","Villarreal","Celta Vigo","7","5","0","4","7","1","3","6","2","3","1","3"
"118793","26-04-26 18:30","Spain","LaLiga","2025/2026","Osasuna","Sevilla","4","4","2","0","2","4","2","2","0","1","2","1"
"118792","26-04-26 16:15","Spain","LaLiga","2025/2026","Oviedo","Elche","6","1","2","0","4","1","2","0","0","0","2","0"
"118791","26-04-26 14:00","Spain","LaLiga","2025/2026","Rayo Vallecano","Real Sociedad","6","4","2","4","4","0","6","4","1","1","5","3"
"118693","25-04-26 21:00","Spain","LaLiga","2025/2026","Atl. Madrid","Ath Bilbao","3","4","3","2","0","2","0","0","0","0","0","0"
"118692","25-04-26 18:30","Spain","LaLiga","2025/2026","Valencia","Girona","4","4","2","0","2","4","2","2","1","1","1","1"
"118691","25-04-26 16:15","Spain","LaLiga","2025/2026","Getafe","Barcelona","6","3","2","1","4","2","2","2","0","2","2","0"
"118690","25-04-26 14:00","Spain","LaLiga","2025/2026","Alaves","Mallorca","9","4","6","1","3","3","2","1","1","0","1","1"
"118571","24-04-26 21:00","Spain","LaLiga","2025/2026","Betis","Real Madrid","7","6","2","4","5","2","1","2","1","1","0","1"
"118530","23-04-26 21:30","Spain","LaLiga","2025/2026","Oviedo","Villarreal","7","0","2","0","5","0","1","1","1","0","0","1"
"118529","23-04-26 20:00","Spain","LaLiga","2025/2026","Rayo Vallecano","Espanyol","6","5","2","3","4","2","2","4","1","2","1","2"
"118528","23-04-26 19:00","Spain","LaLiga","2025/2026","Levante","Sevilla","3","6","3","1","0","5","3","4","1","1","2","3"
"118502","22-04-26 21:30","Spain","LaLiga","2025/2026","Barcelona","Celta Vigo","5","3","4","1","1","2","1","1","0","0","1","1"
"118501","22-04-26 20:00","Spain","LaLiga","2025/2026","Real Sociedad","Getafe","6","3","1","2","5","1","4","5","2","2","2","3"
"118500","22-04-26 19:00","Spain","LaLiga","2025/2026","Elche","Atl. Madrid","13","3","7","1","6","2","2","2","2","2","0","0"
"118457","21-04-26 21:30","Spain","LaLiga","2025/2026","Girona","Betis","3","1","2","0","1","1","1","3","0","1","1","2"
"118458","21-04-26 21:30","Spain","LaLiga","2025/2026","Real Madrid","Alaves","9","6","5","2","4","4","1","1","1","0","0","1"
"118455","21-04-26 19:00","Spain","LaLiga","2025/2026","Ath Bilbao","Osasuna","5","4","3","0","2","4","3","2","1","0","2","2"
"118456","21-04-26 19:00","Spain","LaLiga","2025/2026","Mallorca","Valencia","7","4","2","2","5","2","0","2","0","1","0","1"
"118088","13-04-26 21:00","Spain","LaLiga","2025/2026","Levante","Getafe","8","2","4","0","4","2","2","7","1","0","1","7"
"118055","12-04-26 21:00","Spain","LaLiga","2025/2026","Ath Bilbao","Villarreal","15","3","5","2","10","1","2","3","0","1","2","2"
"118054","12-04-26 18:30","Spain","LaLiga","2025/2026","Celta Vigo","Oviedo","4","1","2","0","2","1","1","2","0","0","1","2"
"118053","12-04-26 16:15","Spain","LaLiga","2025/2026","Mallorca","Rayo Vallecano","6","7","4","4","2","3","1","4","0","2","1","2"
"118052","12-04-26 14:00","Spain","LaLiga","2025/2026","Osasuna","Betis","6","3","3","2","3","1","3","4","2","3","1","1"
"117953","11-04-26 21:00","Spain","LaLiga","2025/2026","Sevilla","Atl. Madrid","6","6","4","3","2","3","4","4","1","1","3","3"
"117952","11-04-26 18:30","Spain","LaLiga","2025/2026","Barcelona","Espanyol","7","5","4","1","3","4","3","6","2","3","1","3"
"117951","11-04-26 16:15","Spain","LaLiga","2025/2026","Elche","Valencia","5","9","4","1","1","8","1","1","0","0","1","1"
"117950","11-04-26 14:00","Spain","LaLiga","2025/2026","Real Sociedad","Alaves","9","5","7","2","2","3","2","4","0","0","2","4"
"117827","10-04-26 21:00","Spain","LaLiga","2025/2026","Real Madrid","Girona","10","1","5","0","5","1","2","1","1","0","1","1"
"117677","06-04-26 21:00","Spain","LaLiga","2025/2026","Girona","Villarreal","7","4","4","1","3","3","2","2","0","1","2","1"
"117584","05-04-26 21:00","Spain","LaLiga","2025/2026","Alaves","Osasuna","7","1","4","1","3","0","2","5","1","2","1","3"
"117583","05-04-26 18:30","Spain","LaLiga","2025/2026","Oviedo","Sevilla","5","9","3","6","2","3","5","3","1","1","4","2"
"117582","05-04-26 16:15","Spain","LaLiga","2025/2026","Valencia","Celta Vigo","6","0","2","0","4","0","1","3","0","2","1","1"
"117581","05-04-26 14:00","Spain","LaLiga","2025/2026","Getafe","Ath Bilbao","4","3","3","0","1","3","3","1","2","1","1","0"
"117485","04-04-26 21:00","Spain","LaLiga","2025/2026","Atl. Madrid","Barcelona","1","9","1","2","0","7","6","2","3","1","3","1"
"117484","04-04-26 18:30","Spain","LaLiga","2025/2026","Betis","Espanyol","4","3","2","1","2","2","1","3","0","0","1","3"
"117483","04-04-26 16:15","Spain","LaLiga","2025/2026","Mallorca","Real Madrid","6","4","2","3","4","1","3","2","0","0","3","2"
"117482","04-04-26 14:00","Spain","LaLiga","2025/2026","Real Sociedad","Levante","11","5","5","2","6","3","2","3","1","2","1","1"
"117403","03-04-26 21:00","Spain","LaLiga","2025/2026","Rayo Vallecano","Elche","9","4","6","3","3","1","0","4","0","3","0","1"
"114444","22-03-26 21:00","Spain","LaLiga","2025/2026","Real Madrid","Atl. Madrid","4","1","3","0","1","1","1","4","0","2","1","2"
"114443","22-03-26 18:30","Spain","LaLiga","2025/2026","Ath Bilbao","Betis","6","5","3","2","3","3","1","1","0","0","1","1"
"114442","22-03-26 16:15","Spain","LaLiga","2025/2026","Celta Vigo","Alaves","4","1","1","1","3","0","2","2","1","1","1","1"
"114441","22-03-26 14:00","Spain","LaLiga","2025/2026","Barcelona","Rayo Vallecano","6","9","5","3","1","6","3","4","2","1","1","3"
"114334","21-03-26 21:00","Spain","LaLiga","2025/2026","Sevilla","Valencia","1","3","1","1","0","2","2","1","1","0","1","1"
"114332","21-03-26 18:30","Spain","LaLiga","2025/2026","Levante","Oviedo","3","1","2","0","1","1","2","3","0","2","2","1"
"114333","21-03-26 18:30","Spain","LaLiga","2025/2026","Osasuna","Girona","6","2","5","0","1","2","2","1","0","1","2","0"
"114331","21-03-26 16:15","Spain","LaLiga","2025/2026","Espanyol","Getafe","12","9","2","3","10","6","2","7","0","1","2","6"
"114330","21-03-26 14:00","Spain","LaLiga","2025/2026","Elche","Mallorca","2","2","1","2","1","0","2","2","1","0","1","2"
"114220","20-03-26 21:00","Spain","LaLiga","2025/2026","Villarreal","Real Sociedad","4","5","2","4","2","1","0","3","0","1","0","2"
"110051","16-03-26 21:00","Spain","LaLiga","2025/2026","Rayo Vallecano","Levante","5","6","1","2","4","4","3","5","2","1","1","4"
"108029","15-03-26 21:00","Spain","LaLiga","2025/2026","Real Sociedad","Osasuna","3","5","2","1","1","4","3","0","0","0","3","0"
"108028","15-03-26 18:30","Spain","LaLiga","2025/2026","Betis","Celta Vigo","3","4","1","1","2","3","2","3","0","0","2","3"
"108027","15-03-26 16:15","Spain","LaLiga","2025/2026","Barcelona","Sevilla","3","4","0","3","3","1","0","1","0","1","0","0"
"108026","15-03-26 14:00","Spain","LaLiga","2025/2026","Mallorca","Espanyol","5","6","2","5","3","1","3","3","1","1","2","2"
"106626","14-03-26 21:00","Spain","LaLiga","2025/2026","Real Madrid","Elche","5","4","3","1","2","3","1","3","0","0","1","3"
"106625","14-03-26 18:30","Spain","LaLiga","2025/2026","Oviedo","Valencia","4","7","2","3","2","4","3","2","2","2","1","0"
"106624","14-03-26 16:15","Spain","LaLiga","2025/2026","Atl. Madrid","Getafe","10","3","3","0","7","3","3","3","0","0","3","3"
"106623","14-03-26 14:00","Spain","LaLiga","2025/2026","Girona","Ath Bilbao","2","9","1","1","1","8","0","2","0","0","0","2"
"105953","13-03-26 21:00","Spain","LaLiga","2025/2026","Alaves","Villarreal","5","2","4","2","1","0","4","1","1","0","3","1"
"100585","09-03-26 21:00","Spain","LaLiga","2025/2026","Espanyol","Oviedo","8","0","4","0","4","0","3","2","1","0","2","2"
"99656","08-03-26 21:00","Spain","LaLiga","2025/2026","Valencia","Alaves","10","2","4","1","6","1","1","6","1","2","0","4"
"99646","08-03-26 18:30","Spain","LaLiga","2025/2026","Sevilla","Rayo Vallecano","6","2","4","1","2","1","1","3","1","0","0","3"
"99624","08-03-26 16:15","Spain","LaLiga","2025/2026","Getafe","Betis","3","8","2","3","1","5","3","2","2","1","1","1"
"99607","08-03-26 14:00","Spain","LaLiga","2025/2026","Villarreal","Elche","4","6","1","0","3","6","1","2","1","0","0","2"
"99579","07-03-26 21:00","Spain","LaLiga","2025/2026","Ath Bilbao","Barcelona","2","4","1","2","1","2","2","1","0","0","2","1"
"99563","07-03-26 18:30","Spain","LaLiga","2025/2026","Atl. Madrid","Real Sociedad","8","1","4","0","4","1","1","1","1","0","0","1"
"99548","07-03-26 16:15","Spain","LaLiga","2025/2026","Levante","Girona","2","3","2","1","0","2","2","2","0","1","2","1"
"99510","07-03-26 14:00","Spain","LaLiga","2025/2026","Osasuna","Mallorca","8","0","1","0","7","0","2","5","1","2","1","3"
"99494","06-03-26 21:00","Spain","LaLiga","2025/2026","Celta Vigo","Real Madrid","1","6","0","1","1","5","1","2","1","0","0","2"
"99455","04-03-26 19:00","Spain","LaLiga","2025/2026","Rayo Vallecano","Oviedo","12","2","5","0","7","2","0","2","0","1","0","1"
"99423","02-03-26 21:00","Spain","LaLiga","2025/2026","Real Madrid","Getafe","10","2","4","1","6","1","4","6","0","2","4","4"
"98768","01-03-26 21:00","Spain","LaLiga","2025/2026","Girona","Celta Vigo","10","6","4","6","6","0","2","2","0","1","2","1"
"98757","01-03-26 18:30","Spain","LaLiga","2025/2026","Betis","Sevilla","4","3","3","1","1","2","3","3","1","1","2","2"
"98729","01-03-26 16:15","Spain","LaLiga","2025/2026","Valencia","Osasuna","5","4","3","1","2","3","3","3","1","1","2","2"
"98714","01-03-26 14:00","Spain","LaLiga","2025/2026","Elche","Espanyol","3","1","2","1","1","0","1","6","0","1","1","5"
"97486","28-02-26 21:00","Spain","LaLiga","2025/2026","Oviedo","Atl. Madrid","8","3","6","1","2","2","2","2","1","1","1","1"
"97468","28-02-26 18:30","Spain","LaLiga","2025/2026","Mallorca","Real Sociedad","3","7","1","4","2","3","0","2","0","0","0","2"
"97454","28-02-26 16:15","Spain","LaLiga","2025/2026","Barcelona","Villarreal","3","2","1","1","2","1","2","1","0","0","2","1"
"97408","28-02-26 14:00","Spain","LaLiga","2025/2026","Rayo Vallecano","Ath Bilbao","5","4","2","1","3","3","2","3","1","1","1","2"
"97384","27-02-26 21:00","Spain","LaLiga","2025/2026","Levante","Alaves","10","6","3","5","7","1","1","6","0","1","1","5"
"97282","23-02-26 21:00","Spain","LaLiga","2025/2026","Alaves","Girona","7","6","0","4","7","2","2","2","1","0","1","2"
"97260","22-02-26 21:00","Spain","LaLiga","2025/2026","Villarreal","Valencia","5","4","4","2","1","2","2","4","2","2","0","2"
"97251","22-02-26 18:30","Spain","LaLiga","2025/2026","Celta Vigo","Mallorca","7","2","4","0","3","2","1","5","0","1","1","4"
"97235","22-02-26 16:15","Spain","LaLiga","2025/2026","Barcelona","Levante","13","6","4","1","9","5","2","1","1","1","1","0"
"97216","22-02-26 14:00","Spain","LaLiga","2025/2026","Getafe","Sevilla","2","2","0","0","2","2","1","1","1","0","0","1"
"97179","21-02-26 21:00","Spain","LaLiga","2025/2026","Atl. Madrid","Espanyol","5","3","3","0","2","3","0","1","0","0","0","1"
"97158","21-02-26 18:30","Spain","LaLiga","2025/2026","Osasuna","Real Madrid","3","7","2","5","1","2","2","4","1","1","1","3"
"97145","21-02-26 16:15","Spain","LaLiga","2025/2026","Betis","Rayo Vallecano","3","5","2","2","1","3","4","3","2","2","2","1"
"97100","21-02-26 14:00","Spain","LaLiga","2025/2026","Real Sociedad","Oviedo","7","6","4","2","3","4","2","1","1","0","1","1"
"97071","20-02-26 21:00","Spain","LaLiga","2025/2026","Ath Bilbao","Elche","4","1","1","1","3","0","3","3","0","2","3","1"
"97019","18-02-26 20:00","Spain","LaLiga","2025/2026","Levante","Villarreal","3","2","1","1","2","1","3","4","2","0","1","4"
"94613","16-02-26 21:00","Spain","LaLiga","2025/2026","Girona","Barcelona","3","7","1","1","2","6","1","2","0","1","1","1"
"93115","15-02-26 21:00","Spain","LaLiga","2025/2026","Mallorca","Betis","7","3","4","2","3","1","4","3","1","2","3","1"
"93107","15-02-26 18:30","Spain","LaLiga","2025/2026","Levante","Valencia","3","2","1","2","2","0","3","2","0","1","3","1"
"93094","15-02-26 16:15","Spain","LaLiga","2025/2026","Rayo Vallecano","Atl. Madrid","4","8","3","3","1","5","1","3","0","1","1","2"
"93078","15-02-26 14:00","Spain","LaLiga","2025/2026","Oviedo","Ath Bilbao","2","3","1","3","1","0","2","3","1","1","1","2"
"93058","14-02-26 21:00","Spain","LaLiga","2025/2026","Real Madrid","Real Sociedad","4","6","2","1","2","5","1","1","1","0","0","1"
"93046","14-02-26 18:30","Spain","LaLiga","2025/2026","Sevilla","Alaves","0","3","0","1","0","2","5","0","2","0","3","0"
"93035","14-02-26 16:15","Spain","LaLiga","2025/2026","Getafe","Villarreal","3","4","0","1","3","3","2","3","2","1","0","2"
"92998","14-02-26 14:00","Spain","LaLiga","2025/2026","Espanyol","Celta Vigo","2","2","1","0","1","2","1","0","0","0","1","0"
"91780","13-02-26 21:00","Spain","LaLiga","2025/2026","Elche","Osasuna","10","3","3","1","7","2","2","4","1","1","1","3"
"91698","09-02-26 21:00","Spain","LaLiga","2025/2026","Villarreal","Espanyol","5","8","2","3","3","5","3","3","1","1","2","2"
"90996","08-02-26 21:00","Spain","LaLiga","2025/2026","Valencia","Real Madrid","5","8","5","5","0","3","1","1","0","0","1","1"
"90988","08-02-26 18:30","Spain","LaLiga","2025/2026","Atl. Madrid","Betis","7","3","4","2","3","1","3","1","1","0","2","1"
"90973","08-02-26 16:15","Spain","LaLiga","2025/2026","Ath Bilbao","Levante","4","3","0","1","4","2","2","1","0","0","2","1"
"90974","08-02-26 16:15","Spain","LaLiga","2025/2026","Sevilla","Girona","5","7","1","4","4","3","3","3","1","0","2","3"
"90960","08-02-26 14:00","Spain","LaLiga","2025/2026","Alaves","Getafe","6","3","3","2","3","1","2","5","0","2","2","3"
"90941","07-02-26 21:00","Spain","LaLiga","2025/2026","Real Sociedad","Elche","2","4","1","2","1","2","0","4","0","2","0","2"
"90915","07-02-26 16:15","Spain","LaLiga","2025/2026","Barcelona","Mallorca","12","3","4","2","8","1","0","0","0","0","0","0"
"90849","06-02-26 21:00","Spain","LaLiga","2025/2026","Celta Vigo","Osasuna","7","3","3","1","4","2","2","2","0","1","2","1"
"90178","02-02-26 21:00","Spain","LaLiga","2025/2026","Mallorca","Sevilla","4","8","1","4","3","4","1","1","1","0","0","1"
"89617","01-02-26 21:00","Spain","LaLiga","2025/2026","Ath Bilbao","Real Sociedad","6","3","3","2","3","1","4","2","0","1","4","1"
"89607","01-02-26 18:30","Spain","LaLiga","2025/2026","Getafe","Celta Vigo","5","3","4","0","1","3","1","2","1","1","0","1"
"89594","01-02-26 16:15","Spain","LaLiga","2025/2026","Betis","Valencia","3","5","1","4","2","1","0","3","0","0","0","3"
"89578","01-02-26 14:00","Spain","LaLiga","2025/2026","Real Madrid","Rayo Vallecano","9","4","4","2","5","2","2","8","0","0","2","8"
"88949","31-01-26 21:00","Spain","LaLiga","2025/2026","Elche","Barcelona","2","8","1","3","1","5","2","1","1","0","1","1"
"88936","31-01-26 18:30","Spain","LaLiga","2025/2026","Levante","Atl. Madrid","4","7","1","4","3","3","2","1","0","1","2","0"
"88922","31-01-26 16:15","Spain","LaLiga","2025/2026","Osasuna","Villarreal","6","2","4","1","2","1","2","2","1","1","1","1"
"88873","31-01-26 14:00","Spain","LaLiga","2025/2026","Oviedo","Girona","4","4","1","1","3","3","1","1","1","0","0","1"
"88854","30-01-26 21:00","Spain","LaLiga","2025/2026","Espanyol","Alaves","4","2","0","0","4","2","0","1","0","1","0","0"
"86848","26-01-26 21:00","Spain","LaLiga","2025/2026","Girona","Getafe","3","4","2","2","1","2","5","3","1","1","4","2"
"85222","25-01-26 21:00","Spain","LaLiga","2025/2026","Alaves","Betis","6","4","2","2","4","2","1","1","0","1","1","0"
"85216","25-01-26 18:30","Spain","LaLiga","2025/2026","Real Sociedad","Celta Vigo","2","9","1","5","1","4","1","1","1","1","0","0"
"85203","25-01-26 16:15","Spain","LaLiga","2025/2026","Barcelona","Oviedo","10","1","3","0","7","1","1","2","1","2","0","0"
"85188","25-01-26 14:00","Spain","LaLiga","2025/2026","Atl. Madrid","Mallorca","10","3","6","2","4","1","2","1","0","0","2","1"
"84322","24-01-26 21:00","Spain","LaLiga","2025/2026","Villarreal","Real Madrid","6","6","4","2","2","4","3","1","1","0","2","1"
"84310","24-01-26 18:30","Spain","LaLiga","2025/2026","Sevilla","Ath Bilbao","5","5","2","2","3","3","2","1","0","1","2","0"
"84300","24-01-26 16:15","Spain","LaLiga","2025/2026","Valencia","Espanyol","2","7","1","3","1","4","1","5","0","1","1","4"
"84255","24-01-26 14:00","Spain","LaLiga","2025/2026","Rayo Vallecano","Osasuna","4","3","1","1","3","2","2","2","0","1","2","1"
"83928","23-01-26 21:00","Spain","LaLiga","2025/2026","Levante","Elche","9","1","5","1","4","0","2","3","1","0","1","3"
"81005","19-01-26 21:00","Spain","LaLiga","2025/2026","Elche","Sevilla","9","7","4","3","5","4","3","1","1","0","2","1"
"79706","18-01-26 21:00","Spain","LaLiga","2025/2026","Real Sociedad","Barcelona","6","8","2","4","4","4","3","3","1","0","2","3"
"79700","18-01-26 18:30","Spain","LaLiga","2025/2026","Celta Vigo","Rayo Vallecano","5","7","5","4","0","3","4","3","1","0","3","3"
"79689","18-01-26 16:15","Spain","LaLiga","2025/2026","Atl. Madrid","Alaves","6","6","3","1","3","5","1","1","1","1","0","0"
"79678","18-01-26 14:00","Spain","LaLiga","2025/2026","Getafe","Valencia","9","3","4","1","5","2","2","3","0","0","2","3"
"79666","17-01-26 21:00","Spain","LaLiga","2025/2026","Betis","Villarreal","2","3","1","2","1","1","3","2","0","1","3","1"
"79653","17-01-26 18:30","Spain","LaLiga","2025/2026","Osasuna","Oviedo","3","6","2","4","1","2","1","4","0","3","1","1"
"79642","17-01-26 16:15","Spain","LaLiga","2025/2026","Mallorca","Ath Bilbao","3","7","0","3","3","4","1","8","1","4","0","4"
"79596","17-01-26 14:00","Spain","LaLiga","2025/2026","Real Madrid","Levante","8","0","2","0","6","0","2","1","2","1","0","0"
"79577","16-01-26 21:00","Spain","LaLiga","2025/2026","Espanyol","Girona","5","4","2","2","3","2","5","5","1","1","4","4"
"79548","12-01-26 21:00","Spain","LaLiga","2025/2026","Sevilla","Celta Vigo","6","1","5","0","1","1","3","3","0","1","3","2"
"79021","11-01-26 16:15","Spain","LaLiga","2025/2026","Levante","Espanyol","4","3","1","0","3","3","0","1","0","1","0","0"
"79013","11-01-26 14:00","Spain","LaLiga","2025/2026","Rayo Vallecano","Mallorca","6","5","3","2","3","3","1","5","0","2","1","3"
"77861","10-01-26 21:00","Spain","LaLiga","2025/2026","Valencia","Elche","8","6","5","3","3","3","2","3","0","0","2","3"
"77856","10-01-26 18:30","Spain","LaLiga","2025/2026","Girona","Osasuna","2","1","1","0","1","1","2","6","0","0","2","6"
"77852","10-01-26 16:15","Spain","LaLiga","2025/2026","Villarreal","Alaves","1","6","0","2","1","4","0","2","0","2","0","0"
"77837","10-01-26 14:00","Spain","LaLiga","2025/2026","Oviedo","Betis","5","2","4","0","1","2","3","1","0","0","3","1"
"76527","09-01-26 21:00","Spain","LaLiga","2025/2026","Getafe","Real Sociedad","2","4","1","2","1","2","2","1","1","0","1","1"
"75783","04-01-26 21:00","Spain","LaLiga","2025/2026","Real Sociedad","Atl. Madrid","6","6","6","3","0","3","3","2","2","1","1","1"
"75776","04-01-26 18:30","Spain","LaLiga","2025/2026","Alaves","Oviedo","6","7","0","5","6","2","3","3","1","1","2","2"
"75777","04-01-26 18:30","Spain","LaLiga","2025/2026","Mallorca","Girona","3","6","1","4","2","2","2","1","1","0","1","1"
"75768","04-01-26 16:15","Spain","LaLiga","2025/2026","Real Madrid","Betis","5","8","3","4","2","4","1","1","0","1","1","0"
"75748","04-01-26 14:00","Spain","LaLiga","2025/2026","Sevilla","Levante","5","1","0","0","5","1","3","4","2","1","1","3"
"75735","03-01-26 21:00","Spain","LaLiga","2025/2026","Espanyol","Barcelona","5","7","4","1","1","6","1","0","0","0","1","0"
"75722","03-01-26 18:30","Spain","LaLiga","2025/2026","Elche","Villarreal","6","2","2","2","4","0","3","3","0","1","3","2"
"75715","03-01-26 16:15","Spain","LaLiga","2025/2026","Osasuna","Ath Bilbao","1","9","1","4","0","5","3","3","0","1","3","2"
"75704","03-01-26 14:00","Spain","LaLiga","2025/2026","Celta Vigo","Valencia","2","4","2","4","0","0","1","3","0","0","1","3"
"75696","02-01-26 21:00","Spain","LaLiga","2025/2026","Rayo Vallecano","Getafe","3","2","3","2","0","0","3","4","0","1","3","3"
"75498","22-12-25 21:00","Spain","LaLiga","2025/2026","Ath Bilbao","Espanyol","8","4","3","3","5","1","5","2","3","0","2","2"
"75482","21-12-25 21:00","Spain","LaLiga","2025/2026","Betis","Getafe","7","5","5","0","2","5","0","1","0","1","0","0"
"75483","21-12-25 18:30","Spain","LaLiga","2025/2026","Elche","Rayo Vallecano","4","5","3","3","1","2","2","3","0","1","2","2"
"75484","21-12-25 16:15","Spain","LaLiga","2025/2026","Villarreal","Barcelona","5","10","4","3","1","7","1","1","0","0","1","1"
"75485","21-12-25 14:00","Spain","LaLiga","2025/2026","Girona","Atl. Madrid","3","4","1","3","2","1","2","0","0","0","2","0"
"75448","20-12-25 21:00","Spain","LaLiga","2025/2026","Real Madrid","Sevilla","6","5","4","1","2","4","2","5","1","2","1","3"
"75449","20-12-25 18:30","Spain","LaLiga","2025/2026","Osasuna","Alaves","9","0","4","0","5","0","2","2","0","0","2","2"
"75450","20-12-25 16:15","Spain","LaLiga","2025/2026","Levante","Real Sociedad","7","10","2","4","5","6","6","2","1","1","5","1"
"75451","20-12-25 14:00","Spain","LaLiga","2025/2026","Oviedo","Celta Vigo","4","3","3","1","1","2","2","1","2","0","0","1"
"75375","19-12-25 21:00","Spain","LaLiga","2025/2026","Valencia","Mallorca","12","3","5","2","7","1","2","3","0","0","2","3"
"75358","15-12-25 21:00","Spain","LaLiga","2025/2026","Rayo Vallecano","Betis","8","3","3","1","5","2","4","1","2","1","2","0"
"75339","14-12-25 21:00","Spain","LaLiga","2025/2026","Alaves","Real Madrid","5","7","4","2","1","5","3","1","1","0","2","1"
"75340","14-12-25 16:15","Spain","LaLiga","2025/2026","Celta Vigo","Ath Bilbao","1","4","0","1","1","3","3","2","1","0","2","2"
"75341","14-12-25 14:00","Spain","LaLiga","2025/2026","Sevilla","Oviedo","5","3","0","2","5","1","1","2","0","0","1","2"
"75294","13-12-25 21:00","Spain","LaLiga","2025/2026","Getafe","Espanyol","6","4","2","3","4","1","5","1","3","1","2","0"
"75295","13-12-25 18:30","Spain","LaLiga","2025/2026","Barcelona","Osasuna","14","1","5","0","9","1","0","3","0","1","0","2"
"75296","13-12-25 16:15","Spain","LaLiga","2025/2026","Mallorca","Elche","1","1","0","1","1","0","3","0","1","0","2","0"
"75297","13-12-25 14:00","Spain","LaLiga","2025/2026","Atl. Madrid","Valencia","5","7","2","3","3","4","3","1","2","0","1","1"
"75215","12-12-25 21:00","Spain","LaLiga","2025/2026","Real Sociedad","Girona","4","3","3","2","1","1","1","2","0","0","1","2"
"75145","08-12-25 21:00","Spain","LaLiga","2025/2026","Osasuna","Levante","3","3","2","2","1","1","2","2","1","1","1","1"
"75119","07-12-25 21:00","Spain","LaLiga","2025/2026","Real Madrid","Celta Vigo","8","1","5","1","3","0","6","1","0","0","6","1"
"75120","07-12-25 18:30","Spain","LaLiga","2025/2026","Espanyol","Rayo Vallecano","6","2","3","0","3","2","4","8","1","2","3","6"
"75121","07-12-25 16:15","Spain","LaLiga","2025/2026","Valencia","Sevilla","2","2","1","2","1","0","3","6","0","1","3","5"
"75122","07-12-25 14:00","Spain","LaLiga","2025/2026","Elche","Girona","2","2","2","1","0","1","0","3","0","1","0","2"
"75068","06-12-25 21:00","Spain","LaLiga","2025/2026","Ath Bilbao","Atl. Madrid","5","6","3","3","2","3","3","2","3","1","0","1"
"75069","06-12-25 18:30","Spain","LaLiga","2025/2026","Betis","Barcelona","7","7","2","5","5","2","5","2","1","0","4","2"
"75070","06-12-25 16:15","Spain","LaLiga","2025/2026","Alaves","Real Sociedad","5","8","2","2","3","6","2","2","0","2","2","0"
"75071","06-12-25 14:00","Spain","LaLiga","2025/2026","Villarreal","Getafe","5","3","5","1","0","2","2","4","0","2","2","2"
"75007","05-12-25 21:00","Spain","LaLiga","2025/2026","Oviedo","Mallorca","8","5","5","2","3","3","2","1","0","1","2","0"
"74983","03-12-25 19:00","Spain","LaLiga","2025/2026","Ath Bilbao","Real Madrid","5","7","1","4","4","3","2","0","0","0","2","0"
"74958","02-12-25 21:00","Spain","LaLiga","2025/2026","Barcelona","Atl. Madrid","5","4","2","1","3","3","1","1","1","1","0","0"
"74948","01-12-25 21:00","Spain","LaLiga","2025/2026","Rayo Vallecano","Valencia","10","5","7","2","3","3","1","1","0","0","1","1"
"74931","30-11-25 21:00","Spain","LaLiga","2025/2026","Girona","Real Madrid","2","5","1","3","1","2","3","0","1","0","2","0"
"74932","30-11-25 18:30","Spain","LaLiga","2025/2026","Celta Vigo","Espanyol","4","3","1","1","3","2","1","2","0","0","1","2"
"74933","30-11-25 16:15","Spain","LaLiga","2025/2026","Sevilla","Betis","6","4","1","1","5","3","2","3","0","1","2","2"
"74934","30-11-25 14:00","Spain","LaLiga","2025/2026","Real Sociedad","Villarreal","8","2","2","0","6","2","3","7","1","2","2","5"
"74877","29-11-25 21:00","Spain","LaLiga","2025/2026","Atl. Madrid","Oviedo","7","2","5","1","2","1","0","1","0","0","0","1"
"74878","29-11-25 18:30","Spain","LaLiga","2025/2026","Levante","Ath Bilbao","4","2","3","2","1","0","3","2","2","1","1","1"
"74879","29-11-25 16:15","Spain","LaLiga","2025/2026","Barcelona","Alaves","5","4","1","2","4","2","2","3","1","1","1","2"
"74880","29-11-25 14:00","Spain","LaLiga","2025/2026","Mallorca","Osasuna","2","8","1","2","1","6","3","4","2","2","1","2"
"74795","28-11-25 21:00","Spain","LaLiga","2025/2026","Getafe","Elche","3","5","3","3","0","2","2","2","1","0","1","2"
"74735","24-11-25 21:00","Spain","LaLiga","2025/2026","Espanyol","Sevilla","4","13","1","10","3","3","4","1","0","0","4","1"
"74712","23-11-25 21:00","Spain","LaLiga","2025/2026","Elche","Real Madrid","2","8","2","4","0","4","4","1","0","0","4","1"
"74713","23-11-25 18:30","Spain","LaLiga","2025/2026","Getafe","Atl. Madrid","6","7","0","4","6","3","2","3","1","0","1","3"
"74714","23-11-25 16:15","Spain","LaLiga","2025/2026","Betis","Girona","8","0","3","0","5","0","3","4","1","1","2","3"
"74715","23-11-25 14:00","Spain","LaLiga","2025/2026","Oviedo","Rayo Vallecano","5","6","3","2","2","4","1","2","0","1","1","1"
"74665","22-11-25 21:00","Spain","LaLiga","2025/2026","Villarreal","Mallorca","3","1","3","0","0","1","2","2","0","0","2","2"
"74666","22-11-25 18:30","Spain","LaLiga","2025/2026","Osasuna","Real Sociedad","3","3","2","1","1","2","3","2","0","1","3","1"
"74667","22-11-25 16:15","Spain","LaLiga","2025/2026","Barcelona","Ath Bilbao","5","7","1","4","4","3","0","2","0","1","0","1"
"74668","22-11-25 14:00","Spain","LaLiga","2025/2026","Alaves","Celta Vigo","4","2","1","1","3","1","2","2","1","1","1","1"
"74582","21-11-25 21:00","Spain","LaLiga","2025/2026","Valencia","Levante","7","0","3","0","4","0","4","3","1","2","3","1"
"74505","09-11-25 21:00","Spain","LaLiga","2025/2026","Celta Vigo","Barcelona","2","5","0","2","2","3","1","5","0","1","1","4"
"74506","09-11-25 18:30","Spain","LaLiga","2025/2026","Mallorca","Getafe","1","14","0","8","1","6","0","2","0","2","0","0"
"74507","09-11-25 18:30","Spain","LaLiga","2025/2026","Valencia","Betis","7","2","1","1","6","1","3","3","1","0","2","3"
"74508","09-11-25 16:15","Spain","LaLiga","2025/2026","Rayo Vallecano","Real Madrid","5","8","2","2","3","6","3","2","3","2","0","0"
"74509","09-11-25 14:00","Spain","LaLiga","2025/2026","Ath Bilbao","Oviedo","7","4","6","2","1","2","1","1","0","0","1","1"
"74442","08-11-25 21:00","Spain","LaLiga","2025/2026","Espanyol","Villarreal","4","2","1","2","3","0","0","2","0","0","0","2"
"74443","08-11-25 18:30","Spain","LaLiga","2025/2026","Atl. Madrid","Levante","21","4","13","3","8","1","3","1","0","1","3","0"
"74444","08-11-25 16:15","Spain","LaLiga","2025/2026","Sevilla","Osasuna","5","6","3","4","2","2","5","3","3","1","2","2"
"74445","08-11-25 14:00","Spain","LaLiga","2025/2026","Girona","Alaves","6","1","5","0","1","1","0","3","0","0","0","3"
"74357","07-11-25 21:00","Spain","LaLiga","2025/2026","Elche","Real Sociedad","1","3","0","2","1","1","1","3","0","0","1","3"
"74295","03-11-25 21:00","Spain","LaLiga","2025/2026","Oviedo","Osasuna","4","2","0","2","4","0","3","1","1","1","2","0"
"74268","02-11-25 21:00","Spain","LaLiga","2025/2026","Betis","Mallorca","4","5","2","1","2","4","0","3","0","1","0","2"
"74269","02-11-25 18:30","Spain","LaLiga","2025/2026","Barcelona","Elche","6","3","6","1","0","2","0","1","0","1","0","0"
"74270","02-11-25 16:15","Spain","LaLiga","2025/2026","Alaves","Espanyol","1","6","0","3","1","3","4","2","1","0","3","2"
"74271","02-11-25 14:00","Spain","LaLiga","2025/2026","Levante","Celta Vigo","4","4","3","2","1","2","2","3","0","1","2","2"
"74216","01-11-25 21:00","Spain","LaLiga","2025/2026","Real Madrid","Valencia","7","1","3","0","4","1","1","1","1","0","0","1"
"74217","01-11-25 18:30","Spain","LaLiga","2025/2026","Real Sociedad","Ath Bilbao","6","2","3","0","3","2","2","3","0","0","2","3"
"74218","01-11-25 16:15","Spain","LaLiga","2025/2026","Atl. Madrid","Sevilla","9","4","5","2","4","2","0","3","0","0","0","3"
"74219","01-11-25 14:00","Spain","LaLiga","2025/2026","Villarreal","Rayo Vallecano","3","5","3","3","0","2","1","1","1","0","0","1"
"74150","31-10-25 21:00","Spain","LaLiga","2025/2026","Getafe","Girona","8","3","2","2","6","1","1","1","0","0","1","1"
"70024","27-10-25 21:00","Spain","LaLiga","2025/2026","Betis","Atl. Madrid","2","5","1","3","1","2","2","1","0","0","2","1"
"69168","26-10-25 21:00","Spain","LaLiga","2025/2026","Rayo Vallecano","Alaves","7","5","3","4","4","1","1","3","1","1","0","2"
"69169","26-10-25 18:30","Spain","LaLiga","2025/2026","Osasuna","Celta Vigo","6","2","3","0","3","2","3","4","0","2","3","2"
"69170","26-10-25 16:15","Spain","LaLiga","2025/2026","Real Madrid","Barcelona","12","4","8","2","4","2","5","5","1","1","4","4"
"69171","26-10-25 14:00","Spain","LaLiga","2025/2026","Mallorca","Levante","5","4","3","1","2","3","3","2","2","0","1","2"
"67680","25-10-25 21:00","Spain","LaLiga","2025/2026","Valencia","Villarreal","7","5","2","2","5","3","2","4","1","2","1","2"
"67681","25-10-25 18:30","Spain","LaLiga","2025/2026","Ath Bilbao","Getafe","1","5","0","3","1","2","1","3","1","0","0","3"
"67682","25-10-25 16:15","Spain","LaLiga","2025/2026","Espanyol","Elche","4","2","4","0","0","2","4","2","1","1","3","1"
"67683","25-10-25 14:00","Spain","LaLiga","2025/2026","Girona","Oviedo","11","4","6","2","5","2","4","3","1","1","3","2"
"67362","24-10-25 21:00","Spain","LaLiga","2025/2026","Real Sociedad","Sevilla","1","9","0","6","1","3","1","3","0","1","1","2"
"67303","20-10-25 21:00","Spain","LaLiga","2025/2026","Alaves","Valencia","7","0","1","0","6","0","1","2","1","0","0","2"
"67234","19-10-25 21:00","Spain","LaLiga","2025/2026","Getafe","Real Madrid","1","4","0","2","1","2","4","1","0","0","4","1"
"67235","19-10-25 18:30","Spain","LaLiga","2025/2026","Levante","Rayo Vallecano","11","4","4","3","7","1","0","1","0","0","0","1"
"67236","19-10-25 16:15","Spain","LaLiga","2025/2026","Celta Vigo","Real Sociedad","1","10","1","4","0","6","4","3","2","3","2","0"
"67237","19-10-25 14:00","Spain","LaLiga","2025/2026","Elche","Ath Bilbao","6","2","5","0","1","2","2","3","2","0","0","3"
"67195","18-10-25 21:00","Spain","LaLiga","2025/2026","Atl. Madrid","Osasuna","4","2","2","1","2","1","1","3","1","0","0","3"
"67196","18-10-25 18:30","Spain","LaLiga","2025/2026","Villarreal","Betis","5","6","3","1","2","5","1","1","0","0","1","1"
"67197","18-10-25 16:15","Spain","LaLiga","2025/2026","Barcelona","Girona","11","5","5","2","6","3","1","2","0","0","1","2"
"67198","18-10-25 14:00","Spain","LaLiga","2025/2026","Sevilla","Mallorca","9","2","3","1","6","1","2","1","0","0","2","1"
"66620","17-10-25 21:00","Spain","LaLiga","2025/2026","Oviedo","Espanyol","3","5","0","2","3","3","2","1","1","1","1","0"
"65625","05-10-25 21:00","Spain","LaLiga","2025/2026","Celta Vigo","Atl. Madrid","6","3","2","0","4","3","1","3","0","2","1","1"
"65626","05-10-25 18:30","Spain","LaLiga","2025/2026","Espanyol","Betis","10","5","5","5","5","0","2","6","2","2","0","4"
"65627","05-10-25 18:30","Spain","LaLiga","2025/2026","Real Sociedad","Rayo Vallecano","7","5","3","3","4","2","1","2","0","0","1","2"
"65628","05-10-25 16:15","Spain","LaLiga","2025/2026","Sevilla","Barcelona","7","6","2","4","5","2","7","5","1","3","6","2"
"65629","05-10-25 14:00","Spain","LaLiga","2025/2026","Alaves","Elche","14","4","8","3","6","1","3","1","2","1","1","0"
"65572","04-10-25 21:00","Spain","LaLiga","2025/2026","Real Madrid","Villarreal","4","0","1","0","3","0","2","4","2","2","0","2"
"65573","04-10-25 18:30","Spain","LaLiga","2025/2026","Ath Bilbao","Mallorca","7","2","3","1","4","1","5","6","1","1","4","5"
"65574","04-10-25 16:15","Spain","LaLiga","2025/2026","Girona","Valencia","0","7","0","0","0","7","5","1","1","0","4","1"
"65575","04-10-25 14:00","Spain","LaLiga","2025/2026","Oviedo","Levante","9","3","3","1","6","2","2","2","1","0","1","2"
"65496","03-10-25 21:00","Spain","LaLiga","2025/2026","Osasuna","Getafe","1","6","0","2","1","4","1","4","0","1","1","3"
"65460","30-09-25 20:00","Spain","LaLiga","2025/2026","Valencia","Oviedo","5","4","1","3","4","1","1","4","0","0","1","4"
"65407","28-09-25 21:00","Spain","LaLiga","2025/2026","Betis","Osasuna","5","5","3","2","2","3","0","1","0","0","0","1"
"65408","28-09-25 18:30","Spain","LaLiga","2025/2026","Barcelona","Real Sociedad","12","1","8","0","4","1","1","2","0","1","1","1"
"65409","28-09-25 16:15","Spain","LaLiga","2025/2026","Elche","Celta Vigo","7","2","4","2","3","0","3","3","0","1","3","2"
"65410","28-09-25 14:00","Spain","LaLiga","2025/2026","Rayo Vallecano","Sevilla","12","4","5","2","7","2","3","2","1","0","2","2"
"65364","27-09-25 21:00","Spain","LaLiga","2025/2026","Villarreal","Ath Bilbao","6","5","4","2","2","3","2","0","0","0","2","0"
"65365","27-09-25 18:30","Spain","LaLiga","2025/2026","Mallorca","Alaves","4","8","1","4","3","4","2","3","2","2","0","1"
"65366","27-09-25 16:15","Spain","LaLiga","2025/2026","Atl. Madrid","Real Madrid","7","2","5","1","2","1","5","4","2","0","3","4"
"65367","27-09-25 14:00","Spain","LaLiga","2025/2026","Getafe","Levante","6","2","3","1","3","1","4","3","3","1","1","2"
"65283","26-09-25 21:00","Spain","LaLiga","2025/2026","Girona","Espanyol","8","4","4","3","4","1","0","1","0","1","0","0"
"65266","25-09-25 21:30","Spain","LaLiga","2025/2026","Oviedo","Barcelona","6","9","5","6","1","3","1","0","0","0","1","0"
"65267","25-09-25 19:30","Spain","LaLiga","2025/2026","Osasuna","Elche","2","3","1","0","1","3","2","2","2","1","0","1"
"65260","24-09-25 21:30","Spain","LaLiga","2025/2026","Atl. Madrid","Rayo Vallecano","8","6","4","4","4","2","3","5","0","0","3","5"
"65261","24-09-25 21:30","Spain","LaLiga","2025/2026","Real Sociedad","Mallorca","11","2","7","0","4","2","2","2","1","2","1","0"
"65262","24-09-25 19:00","Spain","LaLiga","2025/2026","Getafe","Alaves","2","7","0","4","2","3","2","3","1","1","1","2"
"65255","23-09-25 21:30","Spain","LaLiga","2025/2026","Levante","Real Madrid","1","7","1","5","0","2","1","1","0","0","1","1"
"65256","23-09-25 21:30","Spain","LaLiga","2025/2026","Sevilla","Villarreal","3","3","2","1","1","2","2","3","0","1","2","2"
"65257","23-09-25 19:00","Spain","LaLiga","2025/2026","Ath Bilbao","Girona","8","1","4","1","4","0","0","2","0","0","0","2"
"65258","23-09-25 19:00","Spain","LaLiga","2025/2026","Espanyol","Valencia","8","3","7","1","1","2","1","4","1","2","0","2"
"65212","21-09-25 21:00","Spain","LaLiga","2025/2026","Barcelona","Getafe","3","2","2","1","1","1","2","4","1","3","1","1"
"65213","21-09-25 18:30","Spain","LaLiga","2025/2026","Elche","Oviedo","3","3","3","1","0","2","2","2","2","0","0","2"
"65214","21-09-25 16:15","Spain","LaLiga","2025/2026","Mallorca","Atl. Madrid","3","6","1","3","2","3","0","0","0","0","0","0"
"65215","21-09-25 14:00","Spain","LaLiga","2025/2026","Rayo Vallecano","Celta Vigo","5","7","2","2","3","5","1","1","1","0","0","1"
"65163","20-09-25 21:00","Spain","LaLiga","2025/2026","Valencia","Ath Bilbao","5","6","1","5","4","1","1","1","0","1","1","0"
"65164","20-09-25 18:30","Spain","LaLiga","2025/2026","Alaves","Sevilla","4","4","1","2","3","2","1","7","0","2","1","5"
"65165","20-09-25 18:30","Spain","LaLiga","2025/2026","Villarreal","Osasuna","7","0","1","0","6","0","2","3","1","3","1","0"
"65166","20-09-25 16:15","Spain","LaLiga","2025/2026","Real Madrid","Espanyol","5","3","2","0","3","3","2","0","1","0","1","0"
"65167","20-09-25 14:00","Spain","LaLiga","2025/2026","Girona","Levante","5","4","3","1","2","3","4","3","3","2","1","1"
"65086","19-09-25 21:00","Spain","LaLiga","2025/2026","Betis","Real Sociedad","3","5","0","3","3","2","3","7","2","4","1","3"
"65057","15-09-25 21:00","Spain","LaLiga","2025/2026","Espanyol","Mallorca","3","9","3","2","0","7","2","1","1","1","1","0"
"65026","14-09-25 21:00","Spain","LaLiga","2025/2026","Barcelona","Valencia","5","4","5","2","0","2","0","1","0","1","0","0"
"65027","14-09-25 18:30","Spain","LaLiga","2025/2026","Osasuna","Rayo Vallecano","3","6","3","4","0","2","3","2","2","2","1","0"
"65028","14-09-25 16:15","Spain","LaLiga","2025/2026","Levante","Betis","4","12","0","6","4","6","3","2","0","0","3","2"
"65029","14-09-25 14:00","Spain","LaLiga","2025/2026","Celta Vigo","Girona","10","3","2","1","8","2","0","3","0","1","0","2"
"64979","13-09-25 21:00","Spain","LaLiga","2025/2026","Atl. Madrid","Villarreal","8","3","4","1","4","2","2","4","1","1","1","3"
"64980","13-09-25 18:30","Spain","LaLiga","2025/2026","Ath Bilbao","Alaves","6","6","3","3","3","3","4","3","1","1","3","2"
"64981","13-09-25 16:15","Spain","LaLiga","2025/2026","Real Sociedad","Real Madrid","12","4","6","4","6","0","2","1","2","0","0","1"
"64982","13-09-25 14:00","Spain","LaLiga","2025/2026","Getafe","Oviedo","4","3","2","0","2","3","2","5","0","0","2","5"
"64899","12-09-25 21:00","Spain","LaLiga","2025/2026","Sevilla","Elche","2","2","1","2","1","0","4","3","2","1","2","2"
"64792","31-08-25 21:30","Spain","LaLiga","2025/2026","Rayo Vallecano","Barcelona","9","4","6","0","3","4","4","1","3","0","1","1"
"64793","31-08-25 19:30","Spain","LaLiga","2025/2026","Espanyol","Osasuna","2","3","1","1","1","2","2","3","1","0","1","3"
"64794","31-08-25 19:00","Spain","LaLiga","2025/2026","Betis","Ath Bilbao","4","10","3","3","1","7","1","4","0","1","1","3"
"64795","31-08-25 17:00","Spain","LaLiga","2025/2026","Celta Vigo","Villarreal","1","5","1","2","0","3","1","1","0","0","1","1"
"64744","30-08-25 21:30","Spain","LaLiga","2025/2026","Real Madrid","Mallorca","4","5","2","3","2","2","2","0","0","0","2","0"
"64745","30-08-25 19:30","Spain","LaLiga","2025/2026","Girona","Sevilla","11","3","4","2","7","1","0","1","0","0","0","1"
"64746","30-08-25 19:00","Spain","LaLiga","2025/2026","Oviedo","Real Sociedad","1","10","1","7","0","3","2","1","0","1","2","0"
"64747","30-08-25 17:00","Spain","LaLiga","2025/2026","Alaves","Atl. Madrid","1","6","1","1","0","5","2","3","1","2","1","1"
"64665","29-08-25 21:30","Spain","LaLiga","2025/2026","Valencia","Getafe","8","6","6","0","2","6","2","0","1","0","1","0"
"64666","29-08-25 19:30","Spain","LaLiga","2025/2026","Elche","Levante","4","2","2","0","2","2","1","2","0","2","1","0"
"64647","27-08-25 21:00","Spain","LaLiga","2025/2026","Celta Vigo","Betis","10","4","2","3","8","1","1","2","0","1","1","1"
"64638","25-08-25 21:30","Spain","LaLiga","2025/2026","Sevilla","Getafe","5","3","1","2","4","1","2","2","0","0","2","2"
"64639","25-08-25 19:30","Spain","LaLiga","2025/2026","Ath Bilbao","Rayo Vallecano","3","6","3","4","0","2","0","4","0","2","0","2"
"64609","24-08-25 21:30","Spain","LaLiga","2025/2026","Oviedo","Real Madrid","1","9","0","6","1","3","2","1","0","0","2","1"
"64610","24-08-25 19:30","Spain","LaLiga","2025/2026","Real Sociedad","Espanyol","5","2","1","2","4","0","2","2","0","1","2","1"
"64611","24-08-25 19:30","Spain","LaLiga","2025/2026","Villarreal","Girona","8","1","4","1","4","0","1","2","0","0","1","2"
"64612","24-08-25 17:00","Spain","LaLiga","2025/2026","Osasuna","Valencia","3","4","2","3","1","1","2","1","1","0","1","1"
"64568","23-08-25 21:30","Spain","LaLiga","2025/2026","Levante","Barcelona","0","11","0","5","0","6","3","1","1","1","2","0"
"64569","23-08-25 19:30","Spain","LaLiga","2025/2026","Atl. Madrid","Elche","10","2","7","1","3","1","0","3","0","2","0","1"
"64570","23-08-25 17:00","Spain","LaLiga","2025/2026","Mallorca","Celta Vigo","3","4","0","2","3","2","3","3","1","0","2","3"
"64490","22-08-25 21:30","Spain","LaLiga","2025/2026","Betis","Alaves","5","2","3","1","2","1","2","3","0","1","2","2"
"64474","19-08-25 21:00","Spain","LaLiga","2025/2026","Real Madrid","Osasuna","7","0","3","0","4","0","1","0","0","0","1","0"
"64447","18-08-25 21:00","Spain","LaLiga","2025/2026","Elche","Betis","1","3","1","1","0","2","0","1","0","0","0","1"
"64419","17-08-25 21:30","Spain","LaLiga","2025/2026","Espanyol","Atl. Madrid","1","3","1","3","0","0","3","3","0","1","3","2"
"64420","17-08-25 19:30","Spain","LaLiga","2025/2026","Ath Bilbao","Sevilla","10","1","7","0","3","1","0","2","0","2","0","0"
"64421","17-08-25 17:00","Spain","LaLiga","2025/2026","Celta Vigo","Getafe","9","3","3","2","6","1","3","2","0","1","3","1"
"64387","16-08-25 21:30","Spain","LaLiga","2025/2026","Alaves","Levante","10","1","4","1","6","0","0","1","0","1","0","0"
"64388","16-08-25 21:30","Spain","LaLiga","2025/2026","Valencia","Real Sociedad","8","7","2","3","6","4","1","2","1","1","0","1"
"64389","16-08-25 19:30","Spain","LaLiga","2025/2026","Mallorca","Barcelona","3","6","2","0","1","6","4","1","4","1","0","0"
"74557","15-08-25 21:30","Spain","LaLiga","2025/2026","Villarreal","Oviedo","10","1","7","1","3","0","1","2","1","2","0","0"
"74556","15-08-25 19:00","Spain","LaLiga","2025/2026","Girona","Rayo Vallecano","2","4","0","1","2","3","0","1","0","1","0","0"