"id","matchDate","Country","League","Season","homeTeam","awayTeam","H","D","A","O05","U05","O15","U15","O25","U25","O35","U35","O45","U45","BTTSY","BTTSN"
"120872","24-05-26 21:00","Spain","LaLiga","2025/2026","Villarreal","Atl. Madrid","2.68","3.97","2.47","1.02","24.00","1.12","6.50","1.40","3.00","1.97","1.91","3.18","1.37","1.34","3.26"
"120807","23-05-26 21:00","Spain","LaLiga","2025/2026","Alaves","Rayo Vallecano","2.15","3.38","3.69","1.07","9.00","1.36","3.20","2.21","1.73","3.71","1.29","8.08","1.09","1.90","1.90"
"120808","23-05-26 21:00","Spain","LaLiga","2025/2026","Betis","Levante","2.35","3.58","3.07","1.02","15.00","1.18","5.00","1.63","2.30","2.44","1.57","4.37","1.22","1.49","2.64"
"120809","23-05-26 21:00","Spain","LaLiga","2025/2026","Celta Vigo","Sevilla","1.88","3.56","4.58","1.09","8.00","1.40","3.00","2.32","1.67","4.05","1.25","8.08","1.09","1.96","1.85"
"120810","23-05-26 21:00","Spain","LaLiga","2025/2026","Espanyol","Real Sociedad","2.51","3.59","2.82","1.03","13.00","1.21","4.50","1.69","2.20","2.63","1.50","4.68","1.20","1.57","2.42"
"120811","23-05-26 21:00","Spain","LaLiga","2025/2026","Getafe","Osasuna","3.05","2.67","3.05","1.21","4.50","1.89","2.00","3.60","1.30","7.24","1.10","14.00","1.03","2.44","1.56"
"120812","23-05-26 21:00","Spain","LaLiga","2025/2026","Girona","Elche","1.83","3.87","4.41","1.03","13.00","1.26","4.00","1.89","2.00","3.01","1.40","5.81","1.14","1.68","2.18"
"120813","23-05-26 21:00","Spain","LaLiga","2025/2026","Mallorca","Oviedo","1.54","4.44","6.41","1.05","11.00","1.28","3.75","1.97","1.91","3.37","1.34","6.32","1.13","2.04","1.78"
"120814","23-05-26 21:00","Spain","LaLiga","2025/2026","Real Madrid","Ath Bilbao","1.58","4.66","5.45","1.02","22.00","1.14","6.00","1.46","2.75","2.21","1.73","3.60","1.30","1.49","2.64"
"120815","23-05-26 21:00","Spain","LaLiga","2025/2026","Valencia","Barcelona","3.73","4.22","1.90","1.02","21.00","1.16","5.50","1.46","2.75","2.21","1.73","3.60","1.30","1.48","2.68"
"120670","17-05-26 21:15","Spain","LaLiga","2025/2026","Barcelona","Betis","1.38","6.21","6.90","1.01","27.00","1.10","7.37","1.30","3.58","1.88","2.01","2.86","1.43","1.57","2.41"
"120661","17-05-26 19:00","Spain","LaLiga","2025/2026","Ath Bilbao","Celta Vigo","2.16","3.29","3.80","1.09","8.00","1.40","3.00","2.32","1.67","4.05","1.25","8.08","1.09","1.90","1.90"
"120662","17-05-26 19:00","Spain","LaLiga","2025/2026","Atl. Madrid","Girona","1.82","3.86","4.49","1.03","13.00","1.23","4.33","1.69","2.20","2.82","1.45","5.26","1.17","1.65","2.25"
"120663","17-05-26 19:00","Spain","LaLiga","2025/2026","Elche","Getafe","2.34","2.98","3.74","1.14","6.00","1.60","2.38","2.82","1.45","5.81","1.14","11.70","1.04","2.16","1.70"
"120664","17-05-26 19:00","Spain","LaLiga","2025/2026","Levante","Mallorca","2.09","3.46","3.81","1.05","11.00","1.28","3.75","1.97","1.91","3.18","1.37","6.32","1.13","1.68","2.18"
"120665","17-05-26 19:00","Spain","LaLiga","2025/2026","Osasuna","Espanyol","2.18","3.02","4.16","1.10","7.00","1.40","3.00","2.34","1.62","4.37","1.22","8.82","1.07","1.90","1.90"
"120666","17-05-26 19:00","Spain","LaLiga","2025/2026","Oviedo","Alaves","4.00","3.26","2.11","1.10","7.00","1.46","2.75","2.53","1.54","4.68","1.20","9.48","1.06","2.10","1.74"
"120667","17-05-26 19:00","Spain","LaLiga","2025/2026","Rayo Vallecano","Villarreal","2.04","3.55","3.87","1.03","13.00","1.23","4.33","1.80","2.10","2.82","1.45","5.26","1.17","1.60","2.34"
"120668","17-05-26 19:00","Spain","LaLiga","2025/2026","Real Sociedad","Valencia","2.50","3.17","3.17","1.06","10.00","1.28","3.75","1.97","1.91","3.18","1.37","6.32","1.13","1.70","2.15"
"120669","17-05-26 19:00","Spain","LaLiga","2025/2026","Sevilla","Real Madrid","3.89","3.76","1.97","1.02","15.80","1.20","4.74","1.58","2.42","2.50","1.54","4.45","1.22","1.57","2.41"
"120452","14-05-26 21:30","Spain","LaLiga","2025/2026","Real Madrid","Oviedo","1.27","6.87","10.40","1.02","23.00","1.14","6.00","1.46","2.75","2.21","1.73","3.60","1.30","1.83","1.98"
"120451","14-05-26 20:00","Spain","LaLiga","2025/2026","Girona","Real Sociedad","2.01","3.81","3.70","1.03","13.00","1.23","4.33","1.80","2.10","2.82","1.45","5.26","1.17","1.65","2.24"
"120450","14-05-26 19:00","Spain","LaLiga","2025/2026","Valencia","Rayo Vallecano","2.29","3.05","3.76","1.10","7.37","1.43","2.90","2.32","1.63","4.45","1.22","9.03","1.07","1.96","1.85"
"120440","13-05-26 21:30","Spain","LaLiga","2025/2026","Alaves","Barcelona","3.26","3.84","2.16","1.02","16.50","1.18","5.00","1.60","2.38","2.44","1.57","4.37","1.22","1.49","2.64"
"120441","13-05-26 21:30","Spain","LaLiga","2025/2026","Getafe","Mallorca","2.39","2.95","3.66","1.16","5.50","1.74","2.20","3.18","1.37","6.32","1.13","13.10","1.03","2.33","1.61"
"120438","13-05-26 19:00","Spain","LaLiga","2025/2026","Espanyol","Ath Bilbao","2.96","2.97","2.81","1.11","6.84","1.50","2.63","2.50","1.54","5.01","1.18","10.10","1.06","2.02","1.80"
"120439","13-05-26 19:00","Spain","LaLiga","2025/2026","Villarreal","Sevilla","2.08","3.38","3.93","1.04","11.60","1.24","4.21","1.80","2.10","2.86","1.43","5.53","1.15","1.65","2.24"
"120229","12-05-26 21:30","Spain","LaLiga","2025/2026","Osasuna","Atl. Madrid","2.86","3.49","2.54","1.05","11.00","1.26","4.00","1.89","2.00","3.01","1.40","5.81","1.14","1.60","2.34"
"120228","12-05-26 20:00","Spain","LaLiga","2025/2026","Betis","Elche","1.66","4.27","5.21","1.02","15.00","1.21","4.50","1.69","2.20","2.63","1.50","4.68","1.20","1.64","2.26"
"120227","12-05-26 19:00","Spain","LaLiga","2025/2026","Celta Vigo","Levante","1.91","3.79","4.10","1.04","11.60","1.24","4.21","1.80","2.10","2.86","1.43","5.53","1.15","1.65","2.24"
"119710","11-05-26 21:00","Spain","LaLiga","2025/2026","Rayo Vallecano","Girona","2.30","3.33","3.38","1.06","10.00","1.31","3.50","1.97","1.91","3.37","1.34","6.80","1.11","1.68","2.18"
"119416","10-05-26 21:00","Spain","LaLiga","2025/2026","Barcelona","Real Madrid","1.73","4.86","4.05","1.01","27.00","1.12","6.50","1.36","3.20","1.97","1.91","3.18","1.37","1.43","2.82"
"119415","10-05-26 18:30","Spain","LaLiga","2025/2026","Oviedo","Getafe","2.99","3.00","2.76","1.18","5.00","1.80","2.10","3.37","1.34","7.24","1.10","14.00","1.03","2.44","1.56"
"119414","10-05-26 16:15","Spain","LaLiga","2025/2026","Ath Bilbao","Valencia","1.69","3.85","5.63","1.07","9.00","1.36","3.20","2.21","1.73","3.71","1.29","7.24","1.10","1.96","1.85"
"119413","10-05-26 14:00","Spain","LaLiga","2025/2026","Mallorca","Villarreal","2.63","3.59","2.69","1.03","13.70","1.21","4.56","1.73","2.21","2.69","1.48","5.01","1.18","1.57","2.41"
"119298","09-05-26 21:00","Spain","LaLiga","2025/2026","Real Sociedad","Betis","2.65","3.57","2.68","1.02","15.00","1.21","4.50","1.69","2.20","2.63","1.50","4.68","1.20","1.53","2.53"
"119297","09-05-26 18:30","Spain","LaLiga","2025/2026","Atl. Madrid","Celta Vigo","1.83","3.82","4.50","1.03","13.00","1.23","4.33","1.69","2.20","2.63","1.50","4.68","1.20","1.65","2.25"
"119296","09-05-26 16:15","Spain","LaLiga","2025/2026","Sevilla","Espanyol","1.99","3.31","4.42","1.11","6.84","1.50","2.63","2.50","1.54","5.01","1.18","10.10","1.06","2.16","1.70"
"119295","09-05-26 14:00","Spain","LaLiga","2025/2026","Elche","Alaves","2.26","3.30","3.50","1.06","10.00","1.28","3.75","1.97","1.91","3.37","1.34","6.32","1.13","1.68","2.18"
"119228","08-05-26 21:00","Spain","LaLiga","2025/2026","Levante","Osasuna","2.64","3.41","2.79","1.05","11.00","1.28","3.75","1.97","1.91","3.37","1.34","6.32","1.13","1.68","2.18"
"119176","04-05-26 21:00","Spain","LaLiga","2025/2026","Sevilla","Real Sociedad","2.50","3.33","3.03","1.08","8.42","1.34","3.37","2.11","1.80","3.85","1.27","7.69","1.09","1.83","1.98"
"119132","03-05-26 21:00","Spain","LaLiga","2025/2026","Espanyol","Real Madrid","4.58","3.89","1.80","1.02","15.80","1.20","4.74","1.58","2.42","2.50","1.54","4.45","1.22","1.60","2.34"
"119131","03-05-26 18:30","Spain","LaLiga","2025/2026","Betis","Oviedo","1.58","4.19","6.19","1.05","11.00","1.28","3.75","1.97","1.91","3.37","1.34","6.32","1.13","1.90","1.90"
"119130","03-05-26 16:15","Spain","LaLiga","2025/2026","Getafe","Rayo Vallecano","2.13","3.14","4.15","1.13","6.32","1.54","2.50","2.69","1.48","5.53","1.15","11.10","1.05","2.16","1.70"
"119129","03-05-26 14:00","Spain","LaLiga","2025/2026","Celta Vigo","Elche","1.74","3.99","4.86","1.03","13.70","1.21","4.56","1.73","2.21","2.69","1.48","5.01","1.18","1.68","2.18"
"119030","02-05-26 21:00","Spain","LaLiga","2025/2026","Osasuna","Barcelona","5.01","4.30","1.67","1.03","17.50","1.17","5.26","1.54","2.50","2.23","1.68","3.85","1.27","1.57","2.41"
"119029","02-05-26 18:30","Spain","LaLiga","2025/2026","Alaves","Ath Bilbao","2.88","3.39","2.57","1.07","9.00","1.36","3.20","2.32","1.67","4.05","1.25","8.08","1.09","1.83","1.98"
"119028","02-05-26 16:15","Spain","LaLiga","2025/2026","Valencia","Atl. Madrid","1.79","4.06","4.43","1.05","10.50","1.30","3.57","2.08","1.82","3.54","1.31","6.65","1.12","1.83","1.98"
"119027","02-05-26 14:00","Spain","LaLiga","2025/2026","Villarreal","Levante","1.76","4.24","4.40","1.02","18.50","1.14","5.79","1.46","2.77","2.13","1.73","3.85","1.27","1.50","2.60"
"118899","01-05-26 21:00","Spain","LaLiga","2025/2026","Girona","Mallorca","1.95","3.67","4.08","1.05","11.00","1.28","3.75","1.97","1.91","3.37","1.34","6.32","1.13","1.72","2.12"
"118834","27-04-26 21:00","Spain","LaLiga","2025/2026","Espanyol","Levante","2.13","3.48","3.66","1.05","11.00","1.28","3.75","1.97","1.91","3.18","1.37","6.32","1.13","1.68","2.18"
"118794","26-04-26 21:00","Spain","LaLiga","2025/2026","Villarreal","Celta Vigo","1.94","3.78","3.98","1.02","15.80","1.20","4.74","1.63","2.32","2.41","1.58","4.45","1.22","1.57","2.41"
"118793","26-04-26 18:30","Spain","LaLiga","2025/2026","Osasuna","Sevilla","2.00","3.46","4.16","1.09","8.00","1.40","3.00","2.32","1.67","4.05","1.25","8.08","1.09","1.90","1.90"
"118792","26-04-26 16:15","Spain","LaLiga","2025/2026","Oviedo","Elche","2.26","3.50","3.30","1.07","9.00","1.40","3.00","2.32","1.67","4.05","1.25","8.08","1.09","1.90","1.90"
"118791","26-04-26 14:00","Spain","LaLiga","2025/2026","Rayo Vallecano","Real Sociedad","2.77","3.39","2.67","1.03","13.00","1.23","4.33","1.80","2.10","2.82","1.45","5.26","1.17","1.57","2.41"
"118693","25-04-26 21:00","Spain","LaLiga","2025/2026","Atl. Madrid","Ath Bilbao","1.96","3.84","3.84","1.03","13.00","1.26","4.00","1.80","2.10","2.82","1.45","5.26","1.17","1.76","2.06"
"118692","25-04-26 18:30","Spain","LaLiga","2025/2026","Valencia","Girona","2.25","3.36","3.48","1.06","10.00","1.31","3.50","1.97","1.91","3.37","1.34","6.80","1.11","1.68","2.18"
"118691","25-04-26 16:15","Spain","LaLiga","2025/2026","Getafe","Barcelona","6.45","4.09","1.58","1.06","10.00","1.31","3.50","1.97","1.91","3.37","1.34","6.32","1.13","1.90","1.90"
"118690","25-04-26 14:00","Spain","LaLiga","2025/2026","Alaves","Mallorca","2.14","3.36","3.77","1.06","10.00","1.28","3.75","1.97","1.91","3.18","1.37","6.32","1.13","1.74","2.10"
"118571","24-04-26 21:00","Spain","LaLiga","2025/2026","Betis","Real Madrid","3.89","4.17","1.87","1.02","21.00","1.14","5.79","1.43","2.90","2.11","1.80","3.53","1.31","1.44","2.79"
"118530","23-04-26 21:30","Spain","LaLiga","2025/2026","Oviedo","Villarreal","3.57","3.30","2.23","1.06","9.47","1.29","3.68","2.01","1.88","3.43","1.33","6.48","1.12","1.72","2.12"
"118529","23-04-26 20:00","Spain","LaLiga","2025/2026","Rayo Vallecano","Espanyol","2.20","3.38","3.58","1.06","10.00","1.28","3.75","1.97","1.91","3.18","1.37","6.32","1.13","1.68","2.18"
"118528","23-04-26 19:00","Spain","LaLiga","2025/2026","Levante","Sevilla","2.57","3.28","2.98","1.08","8.42","1.34","3.37","2.21","1.73","3.85","1.27","7.69","1.09","1.83","1.98"
"118502","22-04-26 21:30","Spain","LaLiga","2025/2026","Barcelona","Celta Vigo","1.25","7.34","11.00","1.01","26.00","1.10","7.37","1.30","3.58","1.88","2.01","2.86","1.43","1.68","2.18"
"118501","22-04-26 20:00","Spain","LaLiga","2025/2026","Real Sociedad","Getafe","2.32","3.06","3.66","1.11","6.84","1.46","2.77","2.50","1.54","5.01","1.18","10.10","1.06","2.02","1.80"
"118500","22-04-26 19:00","Spain","LaLiga","2025/2026","Elche","Atl. Madrid","2.58","3.77","2.65","1.03","13.70","1.21","4.56","1.73","2.21","2.69","1.48","5.01","1.18","1.60","2.34"
"118457","21-04-26 21:30","Spain","LaLiga","2025/2026","Girona","Betis","2.46","3.34","3.08","1.06","10.00","1.28","3.75","1.97","1.91","3.37","1.34","6.80","1.11","1.68","2.18"
"118458","21-04-26 21:30","Spain","LaLiga","2025/2026","Real Madrid","Alaves","1.25","7.70","10.30","1.02","21.00","1.08","8.42","1.26","3.95","1.73","2.21","2.50","1.54","1.68","2.18"
"118455","21-04-26 19:00","Spain","LaLiga","2025/2026","Ath Bilbao","Osasuna","1.90","3.53","4.50","1.05","10.50","1.29","3.68","2.01","1.88","3.43","1.33","6.48","1.12","1.76","2.06"
"118456","21-04-26 19:00","Spain","LaLiga","2025/2026","Mallorca","Valencia","2.74","3.34","2.74","1.07","9.00","1.33","3.40","2.21","1.73","3.71","1.29","7.24","1.10","1.76","2.06"
"118088","13-04-26 21:00","Spain","LaLiga","2025/2026","Levante","Getafe","2.77","3.06","2.91","1.11","6.84","1.46","2.77","2.50","1.54","5.01","1.18","10.10","1.06","2.02","1.80"
"118055","12-04-26 21:00","Spain","LaLiga","2025/2026","Ath Bilbao","Villarreal","2.09","3.47","3.78","1.05","11.00","1.28","3.75","1.97","1.91","3.37","1.34","6.32","1.13","1.72","2.12"
"118054","12-04-26 18:30","Spain","LaLiga","2025/2026","Celta Vigo","Oviedo","1.80","3.56","5.12","1.09","8.00","1.36","3.20","2.21","1.73","4.05","1.25","8.08","1.09","1.96","1.85"
"118053","12-04-26 16:15","Spain","LaLiga","2025/2026","Mallorca","Rayo Vallecano","2.48","3.41","3.00","1.07","9.00","1.31","3.50","2.10","1.80","3.60","1.30","6.80","1.11","1.85","1.96"
"118052","12-04-26 14:00","Spain","LaLiga","2025/2026","Osasuna","Betis","2.40","3.39","3.14","1.06","9.47","1.30","3.58","2.01","1.88","3.43","1.33","6.90","1.11","1.76","2.06"
"117953","11-04-26 21:00","Spain","LaLiga","2025/2026","Sevilla","Atl. Madrid","2.30","3.68","3.09","1.03","13.00","1.26","4.00","1.89","2.00","3.18","1.37","5.81","1.14","1.74","2.10"
"117952","11-04-26 18:30","Spain","LaLiga","2025/2026","Barcelona","Espanyol","1.33","5.88","9.20","1.02","23.00","1.14","6.00","1.40","3.00","2.10","1.80","3.37","1.34","1.68","2.18"
"117951","11-04-26 16:15","Spain","LaLiga","2025/2026","Elche","Valencia","2.74","3.56","2.59","1.03","13.70","1.24","4.21","1.80","2.10","2.86","1.43","5.53","1.15","1.62","2.30"
"117950","11-04-26 14:00","Spain","LaLiga","2025/2026","Real Sociedad","Alaves","1.85","3.79","4.44","1.03","13.70","1.24","4.21","1.73","2.21","2.69","1.48","5.01","1.18","1.65","2.24"
"117827","10-04-26 21:00","Spain","LaLiga","2025/2026","Real Madrid","Girona","1.32","6.13","9.14","1.01","29.00","1.09","8.00","1.28","3.75","1.75","2.10","2.63","1.50","1.50","2.58"
"117677","06-04-26 21:00","Spain","LaLiga","2025/2026","Girona","Villarreal","3.13","3.64","2.29","1.02","15.80","1.20","4.74","1.63","2.32","2.50","1.54","4.45","1.22","1.53","2.53"
"117584","05-04-26 21:00","Spain","LaLiga","2025/2026","Alaves","Osasuna","2.76","3.27","2.76","1.08","8.42","1.37","3.16","2.21","1.73","4.16","1.24","8.40","1.08","1.90","1.90"
"117583","05-04-26 18:30","Spain","LaLiga","2025/2026","Oviedo","Sevilla","3.03","3.09","2.65","1.11","6.91","1.45","2.79","2.48","1.55","4.96","1.18","9.96","1.06","2.00","1.82"
"117582","05-04-26 16:15","Spain","LaLiga","2025/2026","Valencia","Celta Vigo","2.41","3.33","3.18","1.08","8.51","1.37","3.19","2.19","1.74","3.82","1.28","7.62","1.09","1.89","1.92"
"117581","05-04-26 14:00","Spain","LaLiga","2025/2026","Getafe","Ath Bilbao","3.39","2.95","2.52","1.17","5.26","1.73","2.21","3.03","1.39","6.48","1.12","12.50","1.03","2.31","1.62"
"117485","04-04-26 21:00","Spain","LaLiga","2025/2026","Atl. Madrid","Barcelona","3.55","4.31","1.93","1.02","24.00","1.13","6.32","1.37","3.16","2.01","1.88","3.21","1.36","1.41","2.94"
"117484","04-04-26 18:30","Spain","LaLiga","2025/2026","Betis","Espanyol","1.83","3.88","4.45","1.03","13.70","1.24","4.21","1.80","2.10","3.03","1.39","5.53","1.15","1.72","2.12"
"117483","04-04-26 16:15","Spain","LaLiga","2025/2026","Mallorca","Real Madrid","5.95","4.41","1.57","1.02","18.50","1.18","5.00","1.54","2.50","2.34","1.62","4.05","1.25","1.70","2.16"
"117482","04-04-26 14:00","Spain","LaLiga","2025/2026","Real Sociedad","Levante","1.63","4.49","5.18","1.03","17.50","1.18","5.00","1.60","2.38","2.44","1.57","4.37","1.22","1.65","2.25"
"117403","03-04-26 21:00","Spain","LaLiga","2025/2026","Rayo Vallecano","Elche","1.77","3.88","4.85","1.05","11.00","1.26","4.00","1.89","2.00","3.01","1.40","5.81","1.14","1.72","2.12"
"114444","22-03-26 21:00","Spain","LaLiga","2025/2026","Real Madrid","Atl. Madrid","2.02","3.88","3.59","1.03","18.00","1.17","5.32","1.54","2.53","2.30","1.63","4.12","1.25","1.49","2.64"
"114443","22-03-26 18:30","Spain","LaLiga","2025/2026","Ath Bilbao","Betis","2.03","3.66","3.76","1.06","10.00","1.33","3.40","2.10","1.80","3.60","1.30","6.80","1.11","1.76","2.06"
"114442","22-03-26 16:15","Spain","LaLiga","2025/2026","Celta Vigo","Alaves","1.94","3.35","4.63","1.07","9.00","1.36","3.20","2.21","1.73","4.05","1.25","8.08","1.09","1.83","1.98"
"114441","22-03-26 14:00","Spain","LaLiga","2025/2026","Barcelona","Rayo Vallecano","1.22","8.28","11.60","1.01","29.00","1.08","8.42","1.29","3.68","1.73","2.21","2.50","1.54","1.68","2.18"
"114334","21-03-26 21:00","Spain","LaLiga","2025/2026","Sevilla","Valencia","2.25","3.27","3.57","1.10","7.45","1.42","2.93","2.30","1.63","4.41","1.22","8.94","1.07","1.96","1.85"
"114332","21-03-26 18:30","Spain","LaLiga","2025/2026","Levante","Oviedo","2.40","3.26","3.26","1.09","8.00","1.40","3.00","2.32","1.67","4.37","1.22","8.82","1.07","1.90","1.90"
"114333","21-03-26 18:30","Spain","LaLiga","2025/2026","Osasuna","Girona","2.03","3.65","3.80","1.03","13.00","1.26","4.00","1.89","2.00","3.01","1.40","5.81","1.14","1.65","2.24"
"114331","21-03-26 16:15","Spain","LaLiga","2025/2026","Espanyol","Getafe","2.61","2.94","3.27","1.17","5.26","1.67","2.32","3.03","1.39","6.48","1.12","12.50","1.03","2.33","1.61"
"114330","21-03-26 14:00","Spain","LaLiga","2025/2026","Elche","Mallorca","2.15","3.47","3.60","1.04","11.60","1.26","3.95","1.88","2.01","3.03","1.39","6.02","1.14","1.68","2.18"
"114220","20-03-26 21:00","Spain","LaLiga","2025/2026","Villarreal","Real Sociedad","1.99","3.68","3.88","1.03","13.00","1.23","4.33","1.80","2.10","2.82","1.45","5.26","1.17","1.60","2.34"
"110051","16-03-26 21:00","Spain","LaLiga","2025/2026","Rayo Vallecano","Levante","1.86","3.59","4.68","1.07","9.00","1.33","3.40","2.21","1.73","3.71","1.29","7.24","1.10","1.83","1.98"
"108029","15-03-26 21:00","Spain","LaLiga","2025/2026","Real Sociedad","Osasuna","1.91","3.69","4.21","1.05","11.00","1.28","3.75","1.97","1.91","3.37","1.34","6.32","1.13","1.72","2.12"
"108028","15-03-26 18:30","Spain","LaLiga","2025/2026","Betis","Celta Vigo","2.08","3.35","3.96","1.06","9.47","1.29","3.68","2.01","1.88","3.21","1.36","6.48","1.12","1.72","2.12"
"108027","15-03-26 16:15","Spain","LaLiga","2025/2026","Barcelona","Sevilla","1.30","5.86","10.90","1.01","22.00","1.11","6.84","1.37","3.16","2.01","1.88","3.03","1.39","1.68","2.18"
"108026","15-03-26 14:00","Spain","LaLiga","2025/2026","Mallorca","Espanyol","2.48","3.24","3.14","1.10","7.37","1.43","2.90","2.23","1.68","4.16","1.24","8.40","1.08","1.90","1.90"
"106626","14-03-26 21:00","Spain","LaLiga","2025/2026","Real Madrid","Elche","1.29","6.28","10.50","1.02","22.00","1.16","5.50","1.46","2.75","2.21","1.73","3.60","1.30","1.83","1.98"
"106625","14-03-26 18:30","Spain","LaLiga","2025/2026","Oviedo","Valencia","2.96","3.17","2.66","1.09","8.00","1.36","3.20","2.32","1.67","4.05","1.25","8.08","1.09","1.90","1.90"
"106624","14-03-26 16:15","Spain","LaLiga","2025/2026","Atl. Madrid","Getafe","1.70","3.57","6.12","1.10","7.37","1.43","2.90","2.32","1.63","4.45","1.22","9.03","1.07","2.22","1.66"
"106623","14-03-26 14:00","Spain","LaLiga","2025/2026","Girona","Ath Bilbao","3.00","3.41","2.48","1.06","10.00","1.31","3.50","1.97","1.91","3.37","1.34","6.80","1.11","1.68","2.18"
"105953","13-03-26 21:00","Spain","LaLiga","2025/2026","Alaves","Villarreal","3.80","3.41","2.10","1.05","11.00","1.28","3.75","1.97","1.91","3.18","1.37","5.81","1.14","1.65","2.24"
"100585","09-03-26 21:00","Spain","LaLiga","2025/2026","Espanyol","Oviedo","1.95","3.39","4.48","1.08","8.42","1.37","3.16","2.23","1.68","4.16","1.24","8.40","1.08","1.96","1.85"
"99656","08-03-26 21:00","Spain","LaLiga","2025/2026","Valencia","Alaves","2.12","3.10","4.24","1.11","6.84","1.46","2.77","2.41","1.58","4.45","1.22","9.03","1.07","2.02","1.80"
"99646","08-03-26 18:30","Spain","LaLiga","2025/2026","Sevilla","Rayo Vallecano","2.51","3.08","3.25","1.10","7.37","1.43","2.90","2.32","1.63","4.16","1.24","9.03","1.07","1.90","1.90"
"99624","08-03-26 16:15","Spain","LaLiga","2025/2026","Getafe","Betis","2.94","2.78","3.02","1.17","5.32","1.57","2.45","2.83","1.44","5.96","1.14","12.40","1.04","2.16","1.70"
"99607","08-03-26 14:00","Spain","LaLiga","2025/2026","Villarreal","Elche","1.48","4.65","7.15","1.02","16.00","1.19","4.79","1.57","2.45","2.39","1.59","4.41","1.22","1.72","2.12"
"99579","07-03-26 21:00","Spain","LaLiga","2025/2026","Ath Bilbao","Barcelona","4.92","4.45","1.66","1.02","18.50","1.17","5.26","1.50","2.63","2.23","1.68","3.85","1.27","1.57","2.41"
"99563","07-03-26 18:30","Spain","LaLiga","2025/2026","Atl. Madrid","Real Sociedad","1.66","4.11","5.40","1.03","13.00","1.23","4.33","1.80","2.10","2.82","1.45","5.26","1.17","1.72","2.12"
"99548","07-03-26 16:15","Spain","LaLiga","2025/2026","Levante","Girona","2.98","3.35","2.51","1.05","10.50","1.26","3.95","1.88","2.01","3.03","1.39","6.02","1.14","1.65","2.24"
"99510","07-03-26 14:00","Spain","LaLiga","2025/2026","Osasuna","Mallorca","1.91","3.49","4.54","1.09","8.00","1.40","3.00","2.32","1.67","4.05","1.25","8.08","1.09","1.90","1.90"
"99494","06-03-26 21:00","Spain","LaLiga","2025/2026","Celta Vigo","Real Madrid","3.12","3.46","2.38","1.05","11.00","1.28","3.75","1.97","1.91","3.18","1.37","6.32","1.13","1.68","2.18"
"99455","04-03-26 19:00","Spain","LaLiga","2025/2026","Rayo Vallecano","Oviedo","1.74","3.69","5.38","1.09","8.00","1.40","3.00","2.32","1.67","4.05","1.25","8.08","1.09","2.02","1.80"
"99423","02-03-26 21:00","Spain","LaLiga","2025/2026","Real Madrid","Getafe","1.41","4.62","9.83","1.06","9.57","1.30","3.62","2.09","1.81","3.50","1.31","6.83","1.11","2.22","1.66"
"98768","01-03-26 21:00","Spain","LaLiga","2025/2026","Girona","Celta Vigo","2.54","3.25","3.05","1.06","9.47","1.34","3.37","2.11","1.80","3.53","1.31","7.69","1.09","1.76","2.06"
"98757","01-03-26 18:30","Spain","LaLiga","2025/2026","Betis","Sevilla","1.79","3.89","4.61","1.06","10.00","1.33","3.40","2.10","1.80","3.60","1.30","6.80","1.11","1.90","1.90"
"98729","01-03-26 16:15","Spain","LaLiga","2025/2026","Valencia","Osasuna","2.47","3.19","3.19","1.09","8.00","1.40","3.00","2.32","1.67","4.37","1.22","8.82","1.07","1.90","1.90"
"98714","01-03-26 14:00","Spain","LaLiga","2025/2026","Elche","Espanyol","2.45","3.37","3.06","1.06","10.00","1.31","3.50","2.10","1.80","3.37","1.34","6.80","1.11","1.72","2.12"
"97486","28-02-26 21:00","Spain","LaLiga","2025/2026","Oviedo","Atl. Madrid","5.15","3.57","1.80","1.06","10.00","1.31","3.50","2.10","1.80","3.37","1.34","6.80","1.11","1.76","2.06"
"97468","28-02-26 18:30","Spain","LaLiga","2025/2026","Mallorca","Real Sociedad","3.24","3.38","2.34","1.08","8.42","1.34","3.37","2.21","1.73","3.85","1.27","7.69","1.09","1.83","1.98"
"97454","28-02-26 16:15","Spain","LaLiga","2025/2026","Barcelona","Villarreal","1.39","5.86","7.13","1.01","34.00","1.08","8.42","1.26","3.95","1.63","2.32","2.41","1.58","1.41","2.94"
"97408","28-02-26 14:00","Spain","LaLiga","2025/2026","Rayo Vallecano","Ath Bilbao","2.61","3.17","3.02","1.09","8.00","1.40","3.00","2.34","1.62","4.37","1.22","8.82","1.07","1.90","1.90"
"97384","27-02-26 21:00","Spain","LaLiga","2025/2026","Levante","Alaves","2.80","3.16","2.80","1.09","8.00","1.40","3.00","2.34","1.62","4.37","1.22","8.82","1.07","1.83","1.98"
"97282","23-02-26 21:00","Spain","LaLiga","2025/2026","Alaves","Girona","2.51","3.16","3.16","1.07","9.00","1.33","3.40","2.21","1.73","3.71","1.29","7.24","1.10","1.83","1.98"
"97260","22-02-26 21:00","Spain","LaLiga","2025/2026","Villarreal","Valencia","1.72","4.11","4.89","1.03","13.70","1.26","3.95","1.80","2.10","3.03","1.39","5.53","1.15","1.76","2.06"
"97251","22-02-26 18:30","Spain","LaLiga","2025/2026","Celta Vigo","Mallorca","1.80","3.59","5.13","1.08","8.42","1.34","3.37","2.21","1.73","3.85","1.27","7.69","1.09","1.96","1.85"
"97235","22-02-26 16:15","Spain","LaLiga","2025/2026","Barcelona","Levante","1.11","13.10","17.70","1.01","29.00","1.05","11.00","1.21","4.50","1.50","2.63","2.14","1.73","1.78","2.04"
"97216","22-02-26 14:00","Spain","LaLiga","2025/2026","Getafe","Sevilla","2.40","2.86","3.78","1.18","5.00","1.80","2.10","3.37","1.34","7.24","1.10","14.00","1.03","2.41","1.57"
"97179","21-02-26 21:00","Spain","LaLiga","2025/2026","Atl. Madrid","Espanyol","1.48","4.63","7.34","1.03","13.00","1.23","4.33","1.80","2.10","2.82","1.45","5.26","1.17","1.90","1.90"
"97158","21-02-26 18:30","Spain","LaLiga","2025/2026","Osasuna","Real Madrid","4.92","4.11","1.71","1.03","13.70","1.21","4.56","1.63","2.32","2.50","1.54","4.45","1.22","1.65","2.24"
"97145","21-02-26 16:15","Spain","LaLiga","2025/2026","Betis","Rayo Vallecano","1.96","3.38","4.44","1.06","10.00","1.28","3.75","1.97","1.91","3.37","1.34","6.32","1.13","1.78","2.04"
"97100","21-02-26 14:00","Spain","LaLiga","2025/2026","Real Sociedad","Oviedo","1.57","3.94","7.17","1.06","10.00","1.31","3.50","2.10","1.80","3.37","1.34","6.80","1.11","1.96","1.85"
"97071","20-02-26 21:00","Spain","LaLiga","2025/2026","Ath Bilbao","Elche","1.74","3.78","5.18","1.06","10.10","1.29","3.72","1.95","1.93","3.12","1.38","5.94","1.14","1.80","2.01"
"97019","18-02-26 20:00","Spain","LaLiga","2025/2026","Levante","Villarreal","4.16","3.85","1.88","1.04","11.60","1.26","3.95","1.88","2.01","3.03","1.39","6.02","1.14","1.74","2.09"
"94613","16-02-26 21:00","Spain","LaLiga","2025/2026","Girona","Barcelona","8.20","5.91","1.35","1.01","29.00","1.10","7.00","1.33","3.40","1.89","2.00","3.01","1.40","1.53","2.53"
"93115","15-02-26 21:00","Spain","LaLiga","2025/2026","Mallorca","Betis","3.12","3.27","2.47","1.09","8.00","1.36","3.20","2.21","1.73","3.71","1.29","8.08","1.09","1.74","2.09"
"93107","15-02-26 18:30","Spain","LaLiga","2025/2026","Levante","Valencia","2.90","3.27","2.63","1.06","9.47","1.30","3.58","2.01","1.88","3.43","1.33","6.90","1.11","1.85","1.96"
"93094","15-02-26 16:15","Spain","LaLiga","2025/2026","Rayo Vallecano","Atl. Madrid","4.90","3.69","1.80","1.06","9.47","1.30","3.58","2.11","1.80","3.53","1.31","6.90","1.11","1.90","1.90"
"93078","15-02-26 14:00","Spain","LaLiga","2025/2026","Oviedo","Ath Bilbao","3.60","2.97","2.41","1.11","6.84","1.43","2.90","2.41","1.58","4.45","1.22","9.03","1.07","1.94","1.86"
"93058","14-02-26 21:00","Spain","LaLiga","2025/2026","Real Madrid","Real Sociedad","1.43","4.99","7.74","1.02","16.00","1.19","4.79","1.54","2.53","2.39","1.59","4.12","1.25","1.76","2.06"
"93046","14-02-26 18:30","Spain","LaLiga","2025/2026","Sevilla","Alaves","2.17","3.00","4.25","1.11","6.84","1.46","2.77","2.50","1.54","5.01","1.18","10.10","1.06","2.06","1.76"
"93035","14-02-26 16:15","Spain","LaLiga","2025/2026","Getafe","Villarreal","3.33","2.93","2.57","1.14","5.85","1.57","2.45","2.83","1.44","5.48","1.16","11.00","1.05","2.16","1.70"
"92998","14-02-26 14:00","Spain","LaLiga","2025/2026","Espanyol","Celta Vigo","2.56","3.16","3.09","1.10","7.00","1.46","2.75","2.44","1.57","4.68","1.20","9.48","1.06","1.96","1.85"
"91780","13-02-26 21:00","Spain","LaLiga","2025/2026","Elche","Osasuna","2.93","3.23","2.63","1.06","9.47","1.30","3.58","2.11","1.80","3.53","1.31","6.90","1.11","1.76","2.06"
"91698","09-02-26 21:00","Spain","LaLiga","2025/2026","Villarreal","Espanyol","1.76","4.08","4.59","1.05","11.00","1.26","4.00","1.89","2.00","3.18","1.37","5.81","1.14","1.76","2.06"
"90996","08-02-26 21:00","Spain","LaLiga","2025/2026","Valencia","Real Madrid","5.17","4.30","1.66","1.02","15.80","1.21","4.56","1.63","2.32","2.50","1.54","4.45","1.22","1.68","2.18"
"90988","08-02-26 18:30","Spain","LaLiga","2025/2026","Atl. Madrid","Betis","1.50","4.88","6.29","1.02","16.20","1.23","4.29","1.66","2.26","2.66","1.49","4.60","1.21","1.68","2.18"
"90973","08-02-26 16:15","Spain","LaLiga","2025/2026","Ath Bilbao","Levante","1.66","4.00","5.64","1.05","11.00","1.28","3.75","1.97","1.91","3.37","1.34","6.32","1.13","1.90","1.90"
"90974","08-02-26 16:15","Spain","LaLiga","2025/2026","Sevilla","Girona","2.09","3.56","3.90","1.02","7.90","1.31","3.08","2.13","1.84","3.40","1.26","6.40","1.05","1.83","1.89"
"90960","08-02-26 14:00","Spain","LaLiga","2025/2026","Alaves","Getafe","2.50","2.68","3.88","1.21","4.56","1.88","2.01","3.53","1.31","7.69","1.09","14.30","1.03","2.55","1.52"
"90941","07-02-26 21:00","Spain","LaLiga","2025/2026","Real Sociedad","Elche","1.66","4.18","5.36","1.03","13.00","1.26","4.00","1.89","2.00","3.01","1.40","5.81","1.14","1.76","2.06"
"90915","07-02-26 16:15","Spain","LaLiga","2025/2026","Barcelona","Mallorca","1.16","10.10","14.70","1.01","29.00","1.09","8.00","1.28","3.75","1.80","2.10","2.63","1.50","1.90","1.90"
"90849","06-02-26 21:00","Spain","LaLiga","2025/2026","Celta Vigo","Osasuna","2.08","3.31","4.02","1.09","8.00","1.36","3.20","2.21","1.73","3.71","1.29","7.24","1.10","1.76","2.06"
"90178","02-02-26 21:00","Spain","LaLiga","2025/2026","Mallorca","Sevilla","2.75","3.06","2.93","1.12","6.60","1.44","2.83","2.49","1.55","4.65","1.20","9.38","1.06","1.90","1.90"
"89617","01-02-26 21:00","Spain","LaLiga","2025/2026","Ath Bilbao","Real Sociedad","2.32","3.17","3.51","1.08","8.42","1.34","3.37","2.21","1.73","3.85","1.27","7.69","1.09","1.83","1.98"
"89607","01-02-26 18:30","Spain","LaLiga","2025/2026","Getafe","Celta Vigo","3.06","2.93","2.77","1.14","5.79","1.58","2.42","2.86","1.43","6.02","1.14","12.50","1.03","2.22","1.66"
"89594","01-02-26 16:15","Spain","LaLiga","2025/2026","Betis","Valencia","1.83","3.46","5.09","1.06","9.47","1.30","3.58","2.11","1.80","3.53","1.31","6.90","1.11","1.90","1.90"
"89578","01-02-26 14:00","Spain","LaLiga","2025/2026","Real Madrid","Rayo Vallecano","1.24","7.20","11.90","1.01","24.00","1.13","6.32","1.37","3.16","2.01","1.88","3.03","1.39","1.68","2.18"
"88949","31-01-26 21:00","Spain","LaLiga","2025/2026","Elche","Barcelona","8.70","6.39","1.32","1.01","26.00","1.10","7.37","1.30","3.58","1.80","2.10","2.69","1.48","1.60","2.34"
"88936","31-01-26 18:30","Spain","LaLiga","2025/2026","Levante","Atl. Madrid","5.32","3.84","1.72","1.05","11.00","1.26","4.00","1.89","2.00","3.01","1.40","5.81","1.14","1.72","2.12"
"88922","31-01-26 16:15","Spain","LaLiga","2025/2026","Osasuna","Villarreal","2.76","3.38","2.69","1.05","11.00","1.26","4.00","1.97","1.91","3.18","1.37","6.32","1.13","1.65","2.24"
"88873","31-01-26 14:00","Spain","LaLiga","2025/2026","Oviedo","Girona","3.01","3.09","2.67","1.10","7.45","1.37","3.19","2.21","1.69","4.12","1.25","8.32","1.08","1.89","1.92"
"88854","30-01-26 21:00","Spain","LaLiga","2025/2026","Espanyol","Alaves","1.96","3.14","4.96","1.13","6.32","1.50","2.63","2.50","1.54","5.01","1.18","10.10","1.06","2.16","1.70"
"86848","26-01-26 21:00","Spain","LaLiga","2025/2026","Girona","Getafe","2.14","3.09","4.16","1.13","6.32","1.54","2.50","2.69","1.48","5.53","1.15","11.10","1.05","2.16","1.70"
"85222","25-01-26 21:00","Spain","LaLiga","2025/2026","Alaves","Betis","2.85","3.08","2.81","1.12","6.67","1.54","2.50","2.66","1.49","4.92","1.18","9.98","1.06","1.96","1.85"
"85216","25-01-26 18:30","Spain","LaLiga","2025/2026","Real Sociedad","Celta Vigo","2.20","3.38","3.58","1.07","9.00","1.36","3.20","2.21","1.73","3.71","1.29","7.24","1.10","1.76","2.06"
"85203","25-01-26 16:15","Spain","LaLiga","2025/2026","Barcelona","Oviedo","1.12","10.90","21.00","1.01","34.00","1.07","9.00","1.26","4.00","1.69","2.20","2.44","1.57","1.83","1.98"
"85188","25-01-26 14:00","Spain","LaLiga","2025/2026","Atl. Madrid","Mallorca","1.33","5.56","10.10","1.03","13.70","1.21","4.56","1.73","2.21","2.86","1.43","5.01","1.18","2.06","1.76"
"84322","24-01-26 21:00","Spain","LaLiga","2025/2026","Villarreal","Real Madrid","4.09","4.10","1.84","1.02","23.00","1.15","5.71","1.43","2.86","2.22","1.73","3.54","1.31","1.45","2.75"
"84310","24-01-26 18:30","Spain","LaLiga","2025/2026","Sevilla","Ath Bilbao","2.68","2.99","3.10","1.11","6.91","1.45","2.79","2.39","1.59","4.41","1.22","8.94","1.07","1.96","1.85"
"84300","24-01-26 16:15","Spain","LaLiga","2025/2026","Valencia","Espanyol","2.45","3.17","3.26","1.10","7.00","1.40","3.00","2.34","1.62","4.37","1.22","8.82","1.07","1.98","1.83"
"84255","24-01-26 14:00","Spain","LaLiga","2025/2026","Rayo Vallecano","Osasuna","2.27","3.20","3.61","1.10","7.37","1.37","3.16","2.23","1.68","4.16","1.24","8.40","1.08","1.90","1.90"
"83928","23-01-26 21:00","Spain","LaLiga","2025/2026","Levante","Elche","2.35","3.41","3.20","1.05","11.00","1.28","3.75","1.97","1.91","3.18","1.37","6.32","1.13","1.65","2.24"
"81005","19-01-26 21:00","Spain","LaLiga","2025/2026","Elche","Sevilla","2.42","3.16","3.31","1.10","7.00","1.46","2.75","2.53","1.54","4.68","1.20","9.48","1.06","1.96","1.85"
"79706","18-01-26 21:00","Spain","LaLiga","2025/2026","Real Sociedad","Barcelona","4.92","4.45","1.66","1.01","21.00","1.16","5.50","1.50","2.63","2.21","1.73","3.71","1.29","1.49","2.64"
"79700","18-01-26 18:30","Spain","LaLiga","2025/2026","Celta Vigo","Rayo Vallecano","1.92","3.33","4.79","1.08","8.51","1.37","3.19","2.21","1.69","4.12","1.25","8.32","1.08","1.96","1.85"
"79689","18-01-26 16:15","Spain","LaLiga","2025/2026","Atl. Madrid","Alaves","1.40","4.85","9.14","1.04","11.60","1.26","3.95","1.88","2.01","3.21","1.36","6.02","1.14","2.16","1.70"
"79678","18-01-26 14:00","Spain","LaLiga","2025/2026","Getafe","Valencia","2.58","2.80","3.49","1.17","5.32","1.66","2.34","3.01","1.40","6.42","1.12","12.40","1.04","2.33","1.61"
"79666","17-01-26 21:00","Spain","LaLiga","2025/2026","Betis","Villarreal","2.56","3.58","2.77","1.03","13.00","1.23","4.33","1.80","2.10","2.82","1.45","5.26","1.17","1.57","2.41"
"79653","17-01-26 18:30","Spain","LaLiga","2025/2026","Osasuna","Oviedo","1.77","3.58","5.37","1.09","8.00","1.40","3.00","2.32","1.67","4.37","1.22","8.82","1.07","2.10","1.74"
"79642","17-01-26 16:15","Spain","LaLiga","2025/2026","Mallorca","Ath Bilbao","3.91","3.09","2.22","1.10","7.00","1.40","3.00","2.34","1.62","4.37","1.22","8.82","1.07","1.98","1.83"
"79596","17-01-26 14:00","Spain","LaLiga","2025/2026","Real Madrid","Levante","1.14","10.50","17.60","1.01","29.00","1.07","9.00","1.28","3.75","1.69","2.20","2.53","1.54","1.98","1.83"
"79577","16-01-26 21:00","Spain","LaLiga","2025/2026","Espanyol","Girona","1.94","3.47","4.42","1.09","8.00","1.36","3.20","2.32","1.67","4.05","1.25","8.08","1.09","1.90","1.90"
"79548","12-01-26 21:00","Spain","LaLiga","2025/2026","Sevilla","Celta Vigo","2.75","3.16","2.85","1.08","8.51","1.37","3.19","2.21","1.69","4.12","1.25","8.32","1.08","1.89","1.92"
"79021","11-01-26 16:15","Spain","LaLiga","2025/2026","Levante","Espanyol","3.46","3.39","2.23","1.07","9.00","1.33","3.40","2.10","1.80","3.60","1.30","7.24","1.10","1.76","2.06"
"79013","11-01-26 14:00","Spain","LaLiga","2025/2026","Rayo Vallecano","Mallorca","1.94","3.26","4.83","1.11","6.91","1.45","2.79","2.48","1.55","4.96","1.18","9.96","1.06","2.16","1.70"
"77861","10-01-26 21:00","Spain","LaLiga","2025/2026","Valencia","Elche","2.05","3.28","4.20","1.08","8.42","1.37","3.16","2.21","1.73","3.85","1.27","8.40","1.08","1.90","1.90"
"77856","10-01-26 18:30","Spain","LaLiga","2025/2026","Girona","Osasuna","2.61","3.27","2.94","1.08","8.42","1.37","3.16","2.21","1.73","3.85","1.27","7.69","1.09","1.83","1.98"
"77852","10-01-26 16:15","Spain","LaLiga","2025/2026","Villarreal","Alaves","1.49","4.60","7.16","1.06","10.00","1.33","3.40","2.10","1.80","3.60","1.30","6.80","1.11","2.06","1.76"
"77837","10-01-26 14:00","Spain","LaLiga","2025/2026","Oviedo","Betis","4.20","3.53","1.97","1.05","10.50","1.29","3.68","2.01","1.88","3.43","1.33","6.48","1.12","1.78","2.03"
"76527","09-01-26 21:00","Spain","LaLiga","2025/2026","Getafe","Real Sociedad","3.58","3.07","2.35","1.13","6.32","1.58","2.42","2.86","1.43","5.53","1.15","11.10","1.05","2.22","1.66"
"75783","04-01-26 21:00","Spain","LaLiga","2025/2026","Real Sociedad","Atl. Madrid","4.04","3.90","1.90","1.03","13.00","1.26","4.00","1.80","2.10","2.82","1.45","5.26","1.17","1.65","2.24"
"75776","04-01-26 18:30","Spain","LaLiga","2025/2026","Alaves","Oviedo","1.99","2.85","5.62","1.21","4.50","1.80","2.10","3.37","1.34","7.24","1.10","14.00","1.03","2.58","1.50"
"75777","04-01-26 18:30","Spain","LaLiga","2025/2026","Mallorca","Girona","2.34","3.16","3.47","1.09","8.00","1.40","3.00","2.34","1.62","4.37","1.22","8.82","1.07","1.90","1.90"
"75768","04-01-26 16:15","Spain","LaLiga","2025/2026","Real Madrid","Betis","1.50","4.69","6.50","1.01","15.50","1.17","5.26","1.54","2.50","2.32","1.63","4.16","1.24","1.65","2.24"
"75748","04-01-26 14:00","Spain","LaLiga","2025/2026","Sevilla","Levante","1.78","3.92","4.65","1.03","13.00","1.26","4.00","1.89","2.00","3.01","1.40","5.81","1.14","1.72","2.12"
"75735","03-01-26 21:00","Spain","LaLiga","2025/2026","Espanyol","Barcelona","6.31","4.64","1.52","1.02","19.50","1.17","5.32","1.45","2.79","2.11","1.74","3.82","1.28","1.60","2.34"
"75722","03-01-26 18:30","Spain","LaLiga","2025/2026","Elche","Villarreal","3.36","3.50","2.24","1.03","13.00","1.23","4.33","1.80","2.10","2.82","1.45","5.26","1.17","1.60","2.34"
"75715","03-01-26 16:15","Spain","LaLiga","2025/2026","Osasuna","Ath Bilbao","3.17","2.94","2.66","1.11","6.84","1.46","2.77","2.41","1.58","4.45","1.22","10.10","1.06","1.96","1.85"
"75704","03-01-26 14:00","Spain","LaLiga","2025/2026","Celta Vigo","Valencia","2.06","3.36","4.03","1.08","8.42","1.37","3.16","2.21","1.73","4.16","1.24","8.40","1.08","1.90","1.90"
"75696","02-01-26 21:00","Spain","LaLiga","2025/2026","Rayo Vallecano","Getafe","2.06","2.95","4.86","1.17","5.32","1.71","2.23","3.18","1.37","6.83","1.11","13.20","1.03","2.58","1.50"
"75498","22-12-25 21:00","Spain","LaLiga","2025/2026","Ath Bilbao","Espanyol","1.89","3.38","4.86","1.08","8.42","1.37","3.16","2.23","1.68","4.16","1.24","8.40","1.08","1.96","1.85"
"75482","21-12-25 21:00","Spain","LaLiga","2025/2026","Betis","Getafe","1.75","3.41","5.97","1.11","6.84","1.50","2.63","2.50","1.54","5.01","1.18","10.10","1.06","2.31","1.62"
"75483","21-12-25 18:30","Spain","LaLiga","2025/2026","Elche","Rayo Vallecano","2.57","2.98","3.28","1.13","6.32","1.50","2.63","2.50","1.54","5.01","1.18","10.10","1.06","2.02","1.80"
"75484","21-12-25 16:15","Spain","LaLiga","2025/2026","Villarreal","Barcelona","4.21","4.51","1.75","1.01","28.00","1.10","7.37","1.34","3.37","1.88","2.01","2.86","1.43","1.41","2.94"
"75485","21-12-25 14:00","Spain","LaLiga","2025/2026","Girona","Atl. Madrid","5.42","3.87","1.70","1.05","11.00","1.26","4.00","1.89","2.00","3.18","1.37","5.81","1.14","1.76","2.06"
"75448","20-12-25 21:00","Spain","LaLiga","2025/2026","Real Madrid","Sevilla","1.23","7.69","11.70","1.02","26.00","1.11","6.84","1.37","3.16","2.01","1.88","3.21","1.36","1.90","1.90"
"75449","20-12-25 18:30","Spain","LaLiga","2025/2026","Osasuna","Alaves","2.29","2.93","3.97","1.14","5.79","1.67","2.32","2.86","1.43","6.02","1.14","12.50","1.03","2.33","1.61"
"75450","20-12-25 16:15","Spain","LaLiga","2025/2026","Levante","Real Sociedad","3.06","3.37","2.45","1.06","9.47","1.30","3.58","2.01","1.88","3.43","1.33","6.90","1.11","1.78","2.03"
"75451","20-12-25 14:00","Spain","LaLiga","2025/2026","Oviedo","Celta Vigo","3.71","3.33","2.17","1.10","7.37","1.43","2.90","2.32","1.63","4.45","1.22","9.03","1.07","1.96","1.85"
"75375","19-12-25 21:00","Spain","LaLiga","2025/2026","Valencia","Mallorca","2.15","3.28","3.84","1.12","6.67","1.50","2.62","2.57","1.52","4.92","1.18","9.98","1.06","1.96","1.85"
"75358","15-12-25 21:00","Spain","LaLiga","2025/2026","Rayo Vallecano","Betis","2.74","3.26","2.78","1.09","8.00","1.36","3.20","2.32","1.67","4.05","1.25","8.08","1.09","1.83","1.98"
"75339","14-12-25 21:00","Spain","LaLiga","2025/2026","Alaves","Real Madrid","6.29","4.11","1.59","1.03","13.80","1.21","4.61","1.71","2.23","2.66","1.49","4.96","1.18","1.76","2.06"
"75340","14-12-25 16:15","Spain","LaLiga","2025/2026","Celta Vigo","Ath Bilbao","2.94","3.27","2.61","1.09","8.00","1.40","3.00","2.32","1.67","4.37","1.22","8.82","1.07","1.90","1.90"
"75341","14-12-25 14:00","Spain","LaLiga","2025/2026","Sevilla","Oviedo","2.08","3.28","4.08","1.10","7.37","1.43","2.90","2.32","1.63","4.45","1.22","9.03","1.07","1.96","1.85"
"75294","13-12-25 21:00","Spain","LaLiga","2025/2026","Getafe","Espanyol","2.64","2.91","3.25","1.17","5.26","1.80","2.10","3.43","1.33","7.69","1.09","14.30","1.03","2.58","1.50"
"75295","13-12-25 18:30","Spain","LaLiga","2025/2026","Barcelona","Osasuna","1.20","7.97","14.60","1.01","26.00","1.08","8.42","1.29","3.68","1.73","2.21","2.69","1.48","1.72","2.12"
"75296","13-12-25 16:15","Spain","LaLiga","2025/2026","Mallorca","Elche","2.57","2.98","3.28","1.12","6.50","1.50","2.63","2.53","1.54","4.68","1.20","10.60","1.05","1.96","1.85"
"75297","13-12-25 14:00","Spain","LaLiga","2025/2026","Atl. Madrid","Valencia","1.32","5.61","10.70","1.01","17.50","1.18","5.00","1.60","2.38","2.44","1.57","4.37","1.22","1.90","1.90"
"75215","12-12-25 21:00","Spain","LaLiga","2025/2026","Real Sociedad","Girona","1.81","3.79","4.67","1.05","10.50","1.29","3.68","1.88","2.01","3.21","1.36","6.48","1.12","1.76","2.06"
"75145","08-12-25 21:00","Spain","LaLiga","2025/2026","Osasuna","Levante","1.71","4.00","5.12","1.05","11.00","1.26","4.00","1.89","2.00","3.01","1.40","5.81","1.14","1.76","2.06"
"75119","07-12-25 21:00","Spain","LaLiga","2025/2026","Real Madrid","Celta Vigo","1.26","6.83","10.60","1.02","24.00","1.13","6.38","1.37","3.19","1.98","1.90","3.18","1.37","1.70","2.14"
"75120","07-12-25 18:30","Spain","LaLiga","2025/2026","Espanyol","Rayo Vallecano","2.39","3.27","3.26","1.10","7.37","1.43","2.90","2.23","1.68","4.16","1.24","8.40","1.08","1.90","1.90"
"75121","07-12-25 16:15","Spain","LaLiga","2025/2026","Valencia","Sevilla","2.06","3.51","3.83","1.09","8.00","1.36","3.20","2.21","1.73","4.05","1.25","8.08","1.09","1.90","1.90"
"75122","07-12-25 14:00","Spain","LaLiga","2025/2026","Elche","Girona","2.09","3.32","3.98","1.06","9.47","1.30","3.58","2.01","1.88","3.43","1.33","6.90","1.11","1.76","2.06"
"75068","06-12-25 21:00","Spain","LaLiga","2025/2026","Ath Bilbao","Atl. Madrid","3.07","3.30","2.49","1.07","9.00","1.36","3.20","2.21","1.73","4.05","1.25","8.08","1.09","1.76","2.06"
"75069","06-12-25 18:30","Spain","LaLiga","2025/2026","Betis","Barcelona","4.09","4.10","1.84","1.02","26.00","1.10","7.37","1.34","3.37","1.88","2.01","2.86","1.43","1.36","3.17"
"75070","06-12-25 16:15","Spain","LaLiga","2025/2026","Alaves","Real Sociedad","2.82","2.94","2.97","1.14","6.00","1.54","2.50","2.82","1.45","5.26","1.17","10.60","1.05","2.06","1.76"
"75071","06-12-25 14:00","Spain","LaLiga","2025/2026","Villarreal","Getafe","1.66","3.85","5.91","1.07","9.00","1.36","3.20","2.32","1.67","4.05","1.25","8.08","1.09","2.06","1.76"
"75007","05-12-25 21:00","Spain","LaLiga","2025/2026","Oviedo","Mallorca","2.77","3.01","2.97","1.11","6.84","1.46","2.77","2.41","1.58","4.45","1.22","10.10","1.06","1.96","1.85"
"74983","03-12-25 19:00","Spain","LaLiga","2025/2026","Ath Bilbao","Real Madrid","4.36","3.85","1.85","1.04","11.70","1.26","3.99","1.86","2.03","3.18","1.37","5.96","1.14","1.76","2.06"
"74958","02-12-25 21:00","Spain","LaLiga","2025/2026","Barcelona","Atl. Madrid","1.76","4.46","4.21","1.02","24.00","1.13","6.38","1.42","2.93","1.98","1.90","3.18","1.37","1.44","2.79"
"74948","01-12-25 21:00","Spain","LaLiga","2025/2026","Rayo Vallecano","Valencia","2.06","3.39","4.01","1.08","8.42","1.37","3.16","2.21","1.73","3.85","1.27","7.69","1.09","1.90","1.90"
"74931","30-11-25 21:00","Spain","LaLiga","2025/2026","Girona","Real Madrid","7.58","5.60","1.39","1.02","27.00","1.11","6.84","1.34","3.37","1.88","2.01","3.03","1.39","1.58","2.37"
"74932","30-11-25 18:30","Spain","LaLiga","2025/2026","Celta Vigo","Espanyol","1.90","3.59","4.44","1.04","12.40","1.25","4.13","1.98","1.90","3.17","1.37","6.11","1.13","1.65","2.24"
"74933","30-11-25 16:15","Spain","LaLiga","2025/2026","Sevilla","Betis","2.70","3.34","2.78","1.07","9.00","1.33","3.40","2.10","1.80","3.60","1.30","7.24","1.10","1.76","2.06"
"74934","30-11-25 14:00","Spain","LaLiga","2025/2026","Real Sociedad","Villarreal","2.88","3.50","2.52","1.04","11.60","1.24","4.21","1.80","2.10","2.86","1.43","5.53","1.15","1.59","2.36"
"74877","29-11-25 21:00","Spain","LaLiga","2025/2026","Atl. Madrid","Oviedo","1.28","6.11","12.20","1.02","15.00","1.21","4.50","1.63","2.30","2.63","1.50","4.68","1.20","2.16","1.70"
"74878","29-11-25 18:30","Spain","LaLiga","2025/2026","Levante","Ath Bilbao","4.15","3.54","1.97","1.06","10.00","1.33","3.40","2.10","1.80","3.71","1.29","7.24","1.10","1.83","1.98"
"74879","29-11-25 16:15","Spain","LaLiga","2025/2026","Barcelona","Alaves","1.26","6.69","10.90","1.01","23.00","1.13","6.32","1.37","3.16","2.01","1.88","3.03","1.39","1.72","2.12"
"74880","29-11-25 14:00","Spain","LaLiga","2025/2026","Mallorca","Osasuna","2.45","3.17","3.26","1.10","7.00","1.46","2.75","2.44","1.57","4.68","1.20","9.48","1.06","1.90","1.90"
"74795","28-11-25 21:00","Spain","LaLiga","2025/2026","Getafe","Elche","2.23","2.96","4.08","1.13","6.32","1.50","2.63","2.69","1.48","5.01","1.18","11.10","1.05","2.06","1.76"
"74735","24-11-25 21:00","Spain","LaLiga","2025/2026","Espanyol","Sevilla","1.89","3.79","4.23","1.04","11.60","1.26","3.95","1.88","2.01","3.03","1.39","6.02","1.14","1.72","2.12"
"74712","23-11-25 21:00","Spain","LaLiga","2025/2026","Elche","Real Madrid","7.10","5.39","1.42","1.01","22.00","1.16","5.50","1.50","2.63","2.24","1.67","3.71","1.29","1.70","2.15"
"74713","23-11-25 18:30","Spain","LaLiga","2025/2026","Getafe","Atl. Madrid","4.95","3.41","1.87","1.13","6.38","1.54","2.53","2.66","1.49","5.48","1.16","11.00","1.05","2.33","1.61"
"74714","23-11-25 16:15","Spain","LaLiga","2025/2026","Betis","Girona","1.54","4.68","5.98","1.02","17.50","1.18","5.00","1.54","2.50","2.34","1.62","4.05","1.25","1.65","2.24"
"74715","23-11-25 14:00","Spain","LaLiga","2025/2026","Oviedo","Rayo Vallecano","3.65","3.26","2.22","1.08","8.42","1.37","3.16","2.21","1.73","4.16","1.24","8.40","1.08","1.90","1.90"
"74665","22-11-25 21:00","Spain","LaLiga","2025/2026","Villarreal","Mallorca","1.42","5.13","7.70","1.02","15.80","1.20","4.74","1.63","2.32","2.50","1.54","4.45","1.22","1.90","1.90"
"74666","22-11-25 18:30","Spain","LaLiga","2025/2026","Osasuna","Real Sociedad","2.78","2.98","2.98","1.10","7.00","1.46","2.75","2.44","1.57","4.68","1.20","9.48","1.06","1.90","1.90"
"74667","22-11-25 16:15","Spain","LaLiga","2025/2026","Barcelona","Ath Bilbao","1.44","5.13","7.02","1.01","21.00","1.16","5.50","1.46","2.75","2.21","1.73","3.60","1.30","1.60","2.34"
"74668","22-11-25 14:00","Spain","LaLiga","2025/2026","Alaves","Celta Vigo","2.75","3.06","2.93","1.10","7.00","1.46","2.75","2.44","1.57","4.68","1.20","9.48","1.06","1.90","1.90"
"74582","21-11-25 21:00","Spain","LaLiga","2025/2026","Valencia","Levante","2.05","3.60","3.78","1.06","10.00","1.33","3.40","2.10","1.80","3.60","1.30","6.80","1.11","1.76","2.06"
"74505","09-11-25 21:00","Spain","LaLiga","2025/2026","Celta Vigo","Barcelona","4.46","4.43","1.72","1.02","25.00","1.11","6.84","1.34","3.37","1.88","2.01","3.03","1.39","1.42","2.89"
"74506","09-11-25 18:30","Spain","LaLiga","2025/2026","Mallorca","Getafe","2.57","2.98","3.28","1.16","5.50","1.74","2.20","3.18","1.37","6.32","1.13","13.10","1.03","2.29","1.63"
"74507","09-11-25 18:30","Spain","LaLiga","2025/2026","Valencia","Betis","3.89","3.46","2.06","1.06","10.00","1.28","3.75","1.97","1.91","3.37","1.34","6.32","1.13","1.68","2.18"
"74508","09-11-25 16:15","Spain","LaLiga","2025/2026","Rayo Vallecano","Real Madrid","5.71","4.85","1.54","1.02","19.50","1.18","5.00","1.50","2.63","2.34","1.62","4.05","1.25","1.60","2.34"
"74509","09-11-25 14:00","Spain","LaLiga","2025/2026","Ath Bilbao","Oviedo","1.62","3.58","7.53","1.10","7.37","1.43","2.90","2.32","1.63","4.45","1.22","9.03","1.07","2.18","1.69"
"74442","08-11-25 21:00","Spain","LaLiga","2025/2026","Espanyol","Villarreal","3.04","3.47","2.42","1.05","11.00","1.28","3.75","1.97","1.91","3.18","1.37","6.32","1.13","1.67","2.21"
"74443","08-11-25 18:30","Spain","LaLiga","2025/2026","Atl. Madrid","Levante","1.25","7.20","11.30","1.02","24.00","1.16","5.50","1.46","2.75","2.21","1.73","3.60","1.30","1.98","1.83"
"74444","08-11-25 16:15","Spain","LaLiga","2025/2026","Sevilla","Osasuna","2.37","3.19","3.39","1.07","9.00","1.33","3.40","2.10","1.80","3.60","1.30","7.24","1.10","1.72","2.12"
"74445","08-11-25 14:00","Spain","LaLiga","2025/2026","Girona","Alaves","2.22","3.38","3.51","1.08","8.42","1.34","3.37","2.11","1.80","3.85","1.27","7.69","1.09","1.83","1.98"
"74357","07-11-25 21:00","Spain","LaLiga","2025/2026","Elche","Real Sociedad","3.34","3.17","2.41","1.09","8.00","1.40","3.00","2.32","1.67","4.05","1.25","8.08","1.09","1.90","1.90"
"74295","03-11-25 21:00","Spain","LaLiga","2025/2026","Oviedo","Osasuna","3.26","3.17","2.45","1.09","8.00","1.36","3.20","2.32","1.67","4.05","1.25","8.08","1.09","1.76","2.06"
"74268","02-11-25 21:00","Spain","LaLiga","2025/2026","Betis","Mallorca","1.58","4.34","5.98","1.03","13.00","1.23","4.33","1.80","2.10","2.82","1.45","5.26","1.17","1.74","2.09"
"74269","02-11-25 18:30","Spain","LaLiga","2025/2026","Barcelona","Elche","1.20","7.97","14.60","1.01","29.00","1.09","8.00","1.28","3.75","1.80","2.10","2.63","1.50","1.80","2.02"
"74270","02-11-25 16:15","Spain","LaLiga","2025/2026","Alaves","Espanyol","2.54","3.17","3.11","1.10","7.00","1.40","3.00","2.34","1.62","4.37","1.22","8.82","1.07","1.90","1.90"
"74271","02-11-25 14:00","Spain","LaLiga","2025/2026","Levante","Celta Vigo","3.23","3.44","2.33","1.04","11.60","1.24","4.21","1.80","2.10","2.86","1.43","5.53","1.15","1.60","2.34"
"74216","01-11-25 21:00","Spain","LaLiga","2025/2026","Real Madrid","Valencia","1.16","8.81","17.80","1.01","30.00","1.10","7.00","1.33","3.40","1.89","2.00","2.82","1.45","1.96","1.85"
"74217","01-11-25 18:30","Spain","LaLiga","2025/2026","Real Sociedad","Ath Bilbao","2.78","2.99","2.97","1.11","6.84","1.46","2.77","2.50","1.54","5.01","1.18","10.10","1.06","2.02","1.80"
"74218","01-11-25 16:15","Spain","LaLiga","2025/2026","Atl. Madrid","Sevilla","1.42","4.89","8.24","1.03","13.00","1.23","4.33","1.80","2.10","2.82","1.45","5.26","1.17","1.90","1.90"
"74219","01-11-25 14:00","Spain","LaLiga","2025/2026","Villarreal","Rayo Vallecano","1.76","3.89","4.86","1.02","15.00","1.21","4.50","1.69","2.20","2.63","1.50","4.68","1.20","1.60","2.34"
"74150","31-10-25 21:00","Spain","LaLiga","2025/2026","Getafe","Girona","2.17","3.10","4.03","1.13","6.32","1.50","2.63","2.50","1.54","5.01","1.18","10.10","1.06","2.06","1.76"
"70024","27-10-25 21:00","Spain","LaLiga","2025/2026","Betis","Atl. Madrid","3.55","3.59","2.13","1.04","11.60","1.26","3.95","1.88","2.01","3.03","1.39","6.02","1.14","1.67","2.21"
"69168","26-10-25 21:00","Spain","LaLiga","2025/2026","Rayo Vallecano","Alaves","2.22","3.07","3.92","1.12","6.50","1.54","2.50","2.63","1.50","5.26","1.17","10.60","1.05","2.06","1.76"
"69169","26-10-25 18:30","Spain","LaLiga","2025/2026","Osasuna","Celta Vigo","2.40","3.26","3.26","1.09","8.00","1.40","3.00","2.32","1.67","4.05","1.25","8.08","1.09","1.83","1.98"
"69170","26-10-25 16:15","Spain","LaLiga","2025/2026","Real Madrid","Barcelona","1.94","4.43","3.48","1.01","29.00","1.06","9.47","1.26","3.95","1.63","2.32","2.41","1.58","1.28","3.68"
"69171","26-10-25 14:00","Spain","LaLiga","2025/2026","Mallorca","Levante","1.96","3.60","4.11","1.06","10.00","1.31","3.50","2.10","1.80","3.60","1.30","6.80","1.11","1.76","2.06"
"67680","25-10-25 21:00","Spain","LaLiga","2025/2026","Valencia","Villarreal","3.83","3.64","2.02","1.04","11.60","1.24","4.21","1.80","2.10","3.03","1.39","5.53","1.15","1.68","2.18"
"67681","25-10-25 18:30","Spain","LaLiga","2025/2026","Ath Bilbao","Getafe","1.67","3.59","6.48","1.14","6.00","1.60","2.38","2.63","1.50","5.26","1.17","10.60","1.05","2.41","1.57"
"67682","25-10-25 16:15","Spain","LaLiga","2025/2026","Espanyol","Elche","1.99","3.46","4.18","1.09","8.00","1.36","3.20","2.21","1.73","4.05","1.25","8.08","1.09","1.90","1.90"
"67683","25-10-25 14:00","Spain","LaLiga","2025/2026","Girona","Oviedo","1.73","3.66","5.61","1.07","9.00","1.33","3.40","2.10","1.80","3.60","1.30","6.80","1.11","1.83","1.98"
"67362","24-10-25 21:00","Spain","LaLiga","2025/2026","Real Sociedad","Sevilla","2.03","3.62","3.84","1.05","10.50","1.29","3.68","2.01","1.88","3.21","1.36","6.48","1.12","1.76","2.06"
"67303","20-10-25 21:00","Spain","LaLiga","2025/2026","Alaves","Valencia","2.13","3.18","4.04","1.10","7.37","1.37","3.16","2.23","1.68","4.16","1.24","8.40","1.08","1.90","1.90"
"67234","19-10-25 21:00","Spain","LaLiga","2025/2026","Getafe","Real Madrid","7.62","4.60","1.46","1.04","11.60","1.29","3.68","1.88","2.01","3.21","1.36","6.48","1.12","2.06","1.76"
"67235","19-10-25 18:30","Spain","LaLiga","2025/2026","Levante","Rayo Vallecano","2.76","3.27","2.76","1.07","9.00","1.33","3.40","2.10","1.80","3.60","1.30","7.24","1.10","1.72","2.12"
"67236","19-10-25 16:15","Spain","LaLiga","2025/2026","Celta Vigo","Real Sociedad","2.00","3.58","3.99","1.07","9.00","1.33","3.40","2.21","1.73","3.71","1.29","7.24","1.10","1.81","2.00"
"67237","19-10-25 14:00","Spain","LaLiga","2025/2026","Elche","Ath Bilbao","4.30","3.37","1.99","1.08","8.42","1.37","3.16","2.21","1.73","3.85","1.27","7.69","1.09","1.90","1.90"
"67195","18-10-25 21:00","Spain","LaLiga","2025/2026","Atl. Madrid","Osasuna","1.38","5.12","9.17","1.03","13.70","1.24","4.21","1.73","2.21","2.86","1.43","5.01","1.18","2.06","1.76"
"67196","18-10-25 18:30","Spain","LaLiga","2025/2026","Villarreal","Betis","2.15","3.69","3.38","1.02","17.50","1.17","5.26","1.50","2.63","2.23","1.68","3.85","1.27","1.44","2.79"
"67197","18-10-25 16:15","Spain","LaLiga","2025/2026","Barcelona","Girona","1.22","7.28","13.50","1.01","29.00","1.10","7.00","1.33","3.40","1.89","2.00","2.82","1.45","1.78","2.04"
"67198","18-10-25 14:00","Spain","LaLiga","2025/2026","Sevilla","Mallorca","1.86","3.49","4.86","1.09","8.00","1.36","3.20","2.32","1.67","4.05","1.25","8.08","1.09","1.90","1.90"
"66620","17-10-25 21:00","Spain","LaLiga","2025/2026","Oviedo","Espanyol","3.03","3.19","2.58","1.10","7.00","1.46","2.75","2.44","1.57","4.37","1.22","9.48","1.06","1.90","1.90"
"65625","05-10-25 21:00","Spain","LaLiga","2025/2026","Celta Vigo","Atl. Madrid","5.12","3.64","1.78","1.05","11.00","1.28","3.75","1.97","1.91","3.37","1.34","6.32","1.13","1.76","2.06"
"65626","05-10-25 18:30","Spain","LaLiga","2025/2026","Espanyol","Betis","2.78","3.46","2.62","1.05","11.00","1.28","3.75","1.97","1.91","3.37","1.34","6.32","1.13","1.68","2.18"
"65627","05-10-25 18:30","Spain","LaLiga","2025/2026","Real Sociedad","Rayo Vallecano","2.13","3.50","3.62","1.06","10.00","1.31","3.50","2.10","1.80","3.37","1.34","6.80","1.11","1.72","2.12"
"65628","05-10-25 16:15","Spain","LaLiga","2025/2026","Sevilla","Barcelona","6.00","5.13","1.50","1.01","21.00","1.14","5.79","1.43","2.90","2.13","1.73","3.53","1.31","1.60","2.34"
"65629","05-10-25 14:00","Spain","LaLiga","2025/2026","Alaves","Elche","2.28","3.07","3.76","1.13","6.32","1.54","2.50","2.69","1.48","5.53","1.15","11.10","1.05","2.14","1.71"
"65572","04-10-25 21:00","Spain","LaLiga","2025/2026","Real Madrid","Villarreal","1.40","5.13","8.19","1.02","24.00","1.13","6.32","1.43","2.90","2.11","1.80","3.43","1.33","1.59","2.36"
"65573","04-10-25 18:30","Spain","LaLiga","2025/2026","Ath Bilbao","Mallorca","1.65","3.67","6.62","1.08","8.42","1.37","3.16","2.13","1.73","4.16","1.24","8.40","1.08","2.16","1.70"
"65574","04-10-25 16:15","Spain","LaLiga","2025/2026","Girona","Valencia","2.42","3.31","3.16","1.06","10.00","1.33","3.40","2.10","1.80","3.60","1.30","7.24","1.10","1.76","2.06"
"65575","04-10-25 14:00","Spain","LaLiga","2025/2026","Oviedo","Levante","2.47","3.19","3.19","1.07","9.00","1.33","3.40","2.21","1.73","3.71","1.29","7.24","1.10","1.76","2.06"
"65496","03-10-25 21:00","Spain","LaLiga","2025/2026","Osasuna","Getafe","2.18","2.95","4.27","1.17","5.32","1.78","2.13","3.18","1.37","6.83","1.11","13.20","1.03","2.55","1.52"
"65460","30-09-25 20:00","Spain","LaLiga","2025/2026","Valencia","Oviedo","1.78","3.51","5.42","1.09","8.00","1.40","3.00","2.34","1.62","4.37","1.22","8.82","1.07","2.06","1.76"
"65407","28-09-25 21:00","Spain","LaLiga","2025/2026","Betis","Osasuna","1.86","3.61","4.61","1.05","10.50","1.29","3.68","2.01","1.88","3.21","1.36","6.48","1.12","1.76","2.06"
"65408","28-09-25 18:30","Spain","LaLiga","2025/2026","Barcelona","Real Sociedad","1.38","5.34","8.66","1.01","24.00","1.15","5.66","1.44","2.83","2.24","1.71","3.58","1.30","1.60","2.34"
"65409","28-09-25 16:15","Spain","LaLiga","2025/2026","Elche","Celta Vigo","2.91","3.25","2.64","1.07","9.00","1.36","3.20","2.21","1.73","3.71","1.29","8.08","1.09","1.76","2.06"
"65410","28-09-25 14:00","Spain","LaLiga","2025/2026","Rayo Vallecano","Sevilla","2.10","3.37","3.89","1.06","10.00","1.33","3.40","2.10","1.80","3.60","1.30","7.24","1.10","1.76","2.06"
"65364","27-09-25 21:00","Spain","LaLiga","2025/2026","Villarreal","Ath Bilbao","2.01","3.39","4.22","1.07","9.00","1.33","3.40","2.21","1.73","3.71","1.29","7.24","1.10","1.76","2.06"
"65365","27-09-25 18:30","Spain","LaLiga","2025/2026","Mallorca","Alaves","2.50","2.86","3.57","1.14","5.85","1.66","2.34","3.01","1.40","5.96","1.14","12.40","1.04","2.22","1.66"
"65366","27-09-25 16:15","Spain","LaLiga","2025/2026","Atl. Madrid","Real Madrid","3.37","3.57","2.20","1.04","11.60","1.24","4.21","1.80","2.10","2.86","1.43","5.53","1.15","1.59","2.36"
"65367","27-09-25 14:00","Spain","LaLiga","2025/2026","Getafe","Levante","2.17","3.10","4.03","1.11","6.84","1.46","2.77","2.50","1.54","5.01","1.18","10.10","1.06","2.06","1.76"
"65283","26-09-25 21:00","Spain","LaLiga","2025/2026","Girona","Espanyol","2.78","3.35","2.68","1.06","9.47","1.30","3.58","2.11","1.80","3.53","1.31","6.90","1.11","1.76","2.06"
"65266","25-09-25 21:30","Spain","LaLiga","2025/2026","Oviedo","Barcelona","14.40","7.28","1.22","1.01","21.00","1.14","5.79","1.46","2.77","2.13","1.73","3.53","1.31","1.93","1.87"
"65267","25-09-25 19:30","Spain","LaLiga","2025/2026","Osasuna","Elche","1.89","3.27","5.11","1.10","7.37","1.43","2.90","2.32","1.63","4.45","1.22","9.03","1.07","2.00","1.82"
"65260","24-09-25 21:30","Spain","LaLiga","2025/2026","Atl. Madrid","Rayo Vallecano","1.46","4.41","8.56","1.05","11.00","1.31","3.50","1.97","1.91","3.37","1.34","6.80","1.11","2.24","1.65"
"65261","24-09-25 21:30","Spain","LaLiga","2025/2026","Real Sociedad","Mallorca","1.78","3.61","5.22","1.09","8.03","1.37","3.18","2.14","1.78","3.56","1.30","7.03","1.10","1.94","1.86"
"65262","24-09-25 19:00","Spain","LaLiga","2025/2026","Getafe","Alaves","2.06","2.95","4.86","1.21","4.50","1.89","2.00","3.71","1.29","8.08","1.09","15.00","1.02","2.68","1.47"
"65255","23-09-25 21:30","Spain","LaLiga","2025/2026","Levante","Real Madrid","9.69","5.88","1.32","1.02","25.00","1.13","6.32","1.37","3.16","2.01","1.88","3.21","1.36","1.60","2.34"
"65256","23-09-25 21:30","Spain","LaLiga","2025/2026","Sevilla","Villarreal","3.58","3.47","2.16","1.05","10.50","1.30","3.58","2.01","1.88","3.43","1.33","6.48","1.12","1.76","2.06"
"65257","23-09-25 19:00","Spain","LaLiga","2025/2026","Ath Bilbao","Girona","1.53","4.34","6.87","1.05","11.00","1.26","4.00","1.89","2.00","3.01","1.40","5.81","1.14","1.90","1.90"
"65258","23-09-25 19:00","Spain","LaLiga","2025/2026","Espanyol","Valencia","2.45","3.17","3.26","1.09","8.00","1.40","3.00","2.32","1.67","4.37","1.22","8.82","1.07","1.89","1.92"
"65212","21-09-25 21:00","Spain","LaLiga","2025/2026","Barcelona","Getafe","1.27","6.27","12.20","1.01","22.00","1.14","5.79","1.43","2.90","2.11","1.80","3.43","1.33","1.86","1.95"
"65213","21-09-25 18:30","Spain","LaLiga","2025/2026","Elche","Oviedo","2.06","3.39","4.01","1.09","8.00","1.40","3.00","2.32","1.67","4.05","1.25","8.08","1.09","1.98","1.83"
"65214","21-09-25 16:15","Spain","LaLiga","2025/2026","Mallorca","Atl. Madrid","5.41","3.66","1.74","1.06","9.47","1.34","3.37","2.11","1.80","3.85","1.27","7.69","1.09","1.96","1.85"
"65215","21-09-25 14:00","Spain","LaLiga","2025/2026","Rayo Vallecano","Celta Vigo","2.00","3.58","3.99","1.05","10.50","1.29","3.68","2.01","1.88","3.43","1.33","6.48","1.12","1.76","2.06"
"65163","20-09-25 21:00","Spain","LaLiga","2025/2026","Valencia","Ath Bilbao","3.80","3.17","2.22","1.10","7.00","1.46","2.75","2.44","1.57","4.37","1.22","9.48","1.06","1.90","1.90"
"65164","20-09-25 18:30","Spain","LaLiga","2025/2026","Alaves","Sevilla","2.43","2.99","3.51","1.11","6.84","1.50","2.63","2.50","1.54","5.01","1.18","10.10","1.06","2.06","1.76"
"65165","20-09-25 18:30","Spain","LaLiga","2025/2026","Villarreal","Osasuna","1.71","3.80","5.46","1.07","9.00","1.33","3.40","2.10","1.80","3.60","1.30","7.24","1.10","1.90","1.90"
"65166","20-09-25 16:15","Spain","LaLiga","2025/2026","Real Madrid","Espanyol","1.20","7.42","15.90","1.02","25.00","1.12","6.50","1.40","3.00","2.10","1.80","3.18","1.37","1.83","1.98"
"65167","20-09-25 14:00","Spain","LaLiga","2025/2026","Girona","Levante","1.90","3.78","4.19","1.03","13.00","1.23","4.33","1.69","2.20","2.82","1.45","5.26","1.17","1.60","2.34"
"65086","19-09-25 21:00","Spain","LaLiga","2025/2026","Betis","Real Sociedad","2.00","3.58","3.99","1.03","13.70","1.21","4.56","1.73","2.21","2.69","1.48","5.01","1.18","1.60","2.34"
"65057","15-09-25 21:00","Spain","LaLiga","2025/2026","Espanyol","Mallorca","2.19","3.14","3.76","1.10","7.45","1.45","2.79","2.48","1.55","4.96","1.18","9.96","1.06","2.05","1.78"
"65026","14-09-25 21:00","Spain","LaLiga","2025/2026","Barcelona","Valencia","1.37","5.33","8.10","1.01","21.00","1.14","5.85","1.45","2.79","2.11","1.74","3.50","1.31","1.70","2.16"
"65027","14-09-25 18:30","Spain","LaLiga","2025/2026","Osasuna","Rayo Vallecano","2.85","2.95","2.85","1.13","6.32","1.54","2.50","2.69","1.48","5.53","1.15","11.10","1.05","2.14","1.71"
"65028","14-09-25 16:15","Spain","LaLiga","2025/2026","Levante","Betis","4.00","3.59","1.95","1.03","13.00","1.23","4.33","1.80","2.10","2.82","1.45","5.26","1.17","1.60","2.34"
"65029","14-09-25 14:00","Spain","LaLiga","2025/2026","Celta Vigo","Girona","1.72","3.83","5.05","1.05","11.00","1.26","4.00","1.89","2.00","3.01","1.40","5.81","1.14","1.72","2.12"
"64979","13-09-25 21:00","Spain","LaLiga","2025/2026","Atl. Madrid","Villarreal","1.75","3.82","4.82","1.04","11.60","1.26","3.95","1.88","2.01","3.03","1.39","6.02","1.14","1.76","2.06"
"64980","13-09-25 18:30","Spain","LaLiga","2025/2026","Ath Bilbao","Alaves","1.63","3.73","6.30","1.09","8.00","1.46","2.75","2.34","1.62","4.37","1.22","8.82","1.07","2.22","1.66"
"64981","13-09-25 16:15","Spain","LaLiga","2025/2026","Real Sociedad","Real Madrid","5.93","4.26","1.57","1.03","14.30","1.23","4.29","1.76","2.10","2.77","1.46","4.92","1.18","1.78","2.05"
"64982","13-09-25 14:00","Spain","LaLiga","2025/2026","Getafe","Oviedo","2.03","2.92","4.83","1.18","5.00","1.80","2.10","3.37","1.34","6.80","1.11","14.00","1.03","2.58","1.50"
"64899","12-09-25 21:00","Spain","LaLiga","2025/2026","Sevilla","Elche","1.92","3.33","4.54","1.09","8.00","1.40","3.00","2.34","1.62","4.37","1.22","8.82","1.07","2.04","1.78"
"64792","31-08-25 21:30","Spain","LaLiga","2025/2026","Rayo Vallecano","Barcelona","7.26","5.31","1.40","1.01","23.00","1.16","5.50","1.46","2.75","2.21","1.73","3.60","1.30","1.65","2.25"
"64793","31-08-25 19:30","Spain","LaLiga","2025/2026","Espanyol","Osasuna","2.59","3.05","3.05","1.10","7.00","1.50","2.63","2.53","1.54","4.68","1.20","10.60","1.05","2.02","1.80"
"64794","31-08-25 19:00","Spain","LaLiga","2025/2026","Betis","Ath Bilbao","3.29","3.24","2.33","1.07","9.00","1.36","3.20","2.21","1.73","4.05","1.25","8.08","1.09","1.76","2.06"
"64795","31-08-25 17:00","Spain","LaLiga","2025/2026","Celta Vigo","Villarreal","3.41","3.54","2.15","1.05","11.00","1.28","3.75","1.97","1.91","3.18","1.37","6.32","1.13","1.68","2.18"
"64744","30-08-25 21:30","Spain","LaLiga","2025/2026","Real Madrid","Mallorca","1.18","8.01","13.90","1.01","20.00","1.14","5.79","1.43","2.90","2.13","1.73","3.53","1.31","2.14","1.71"
"64745","30-08-25 19:30","Spain","LaLiga","2025/2026","Girona","Sevilla","2.48","3.14","3.14","1.08","8.42","1.34","3.37","2.21","1.73","3.85","1.27","7.69","1.09","1.76","2.06"
"64746","30-08-25 19:00","Spain","LaLiga","2025/2026","Oviedo","Real Sociedad","3.54","3.16","2.26","1.09","8.00","1.40","3.00","2.34","1.62","4.37","1.22","8.82","1.07","1.90","1.90"
"64747","30-08-25 17:00","Spain","LaLiga","2025/2026","Alaves","Atl. Madrid","5.93","3.55","1.69","1.10","7.37","1.43","2.90","2.32","1.63","4.45","1.22","9.03","1.07","2.16","1.70"
"64665","29-08-25 21:30","Spain","LaLiga","2025/2026","Valencia","Getafe","2.34","2.93","3.68","1.16","5.44","1.64","2.29","2.74","1.47","5.52","1.16","14.00","1.02","2.36","1.59"
"64666","29-08-25 19:30","Spain","LaLiga","2025/2026","Elche","Levante","2.17","3.28","3.63","1.09","8.00","1.40","3.00","2.32","1.67","4.37","1.22","8.82","1.07","1.90","1.90"
"64647","27-08-25 21:00","Spain","LaLiga","2025/2026","Celta Vigo","Betis","2.38","3.44","3.03","1.03","13.00","1.23","4.33","1.80","2.10","2.82","1.45","5.26","1.17","1.57","2.41"
"64638","25-08-25 21:30","Spain","LaLiga","2025/2026","Sevilla","Getafe","2.02","3.14","4.38","1.13","6.32","1.58","2.42","2.86","1.43","6.02","1.14","11.10","1.05","2.33","1.61"
"64639","25-08-25 19:30","Spain","LaLiga","2025/2026","Ath Bilbao","Rayo Vallecano","1.70","3.55","5.87","1.08","8.42","1.34","3.37","2.11","1.80","3.85","1.27","7.69","1.09","1.96","1.85"
"64609","24-08-25 21:30","Spain","LaLiga","2025/2026","Oviedo","Real Madrid","9.50","5.31","1.36","1.03","13.70","1.27","3.95","1.82","2.10","3.09","1.39","6.23","1.14","2.16","1.70"
"64610","24-08-25 19:30","Spain","LaLiga","2025/2026","Real Sociedad","Espanyol","1.90","3.59","4.44","1.05","11.00","1.32","3.50","1.99","1.91","3.43","1.34","7.06","1.11","1.76","2.06"
"64611","24-08-25 19:30","Spain","LaLiga","2025/2026","Villarreal","Girona","1.50","4.41","7.12","1.03","15.00","1.23","4.33","1.70","2.20","2.66","1.50","4.80","1.20","1.76","2.06"
"64612","24-08-25 17:00","Spain","LaLiga","2025/2026","Osasuna","Valencia","2.25","3.37","3.47","1.09","8.42","1.38","3.16","2.16","1.73","4.26","1.24","8.82","1.08","1.90","1.90"
"64568","23-08-25 21:30","Spain","LaLiga","2025/2026","Levante","Barcelona","13.20","6.79","1.24","1.01","30.00","1.11","7.00","1.34","3.40","1.90","2.00","2.86","1.45","1.85","1.96"
"64569","23-08-25 19:30","Spain","LaLiga","2025/2026","Atl. Madrid","Elche","1.30","5.86","10.70","1.03","15.00","1.23","4.33","1.70","2.20","2.86","1.45","5.41","1.17","2.16","1.70"
"64570","23-08-25 17:00","Spain","LaLiga","2025/2026","Mallorca","Celta Vigo","3.46","3.26","2.30","1.08","9.00","1.37","3.20","2.24","1.73","4.14","1.25","8.45","1.09","1.83","1.98"
"64490","22-08-25 21:30","Spain","LaLiga","2025/2026","Betis","Alaves","1.89","3.50","4.63","1.09","8.00","1.41","3.00","2.35","1.67","4.14","1.25","8.45","1.09","1.96","1.85"
"64474","19-08-25 21:00","Spain","LaLiga","2025/2026","Real Madrid","Osasuna","1.24","7.20","11.90","1.01","22.00","1.13","6.32","1.44","2.90","2.14","1.80","3.50","1.33","1.90","1.90"
"64447","18-08-25 21:00","Spain","LaLiga","2025/2026","Elche","Betis","3.45","3.33","2.27","1.09","8.42","1.38","3.16","2.24","1.73","4.26","1.24","8.82","1.08","1.90","1.90"
"64419","17-08-25 21:30","Spain","LaLiga","2025/2026","Espanyol","Atl. Madrid","5.64","4.00","1.66","1.06","10.50","1.30","3.68","2.03","1.88","3.50","1.33","6.73","1.12","1.90","1.90"
"64420","17-08-25 19:30","Spain","LaLiga","2025/2026","Ath Bilbao","Sevilla","1.61","3.94","6.42","1.09","8.42","1.38","3.16","2.24","1.73","3.94","1.27","8.05","1.09","2.14","1.71"
"64421","17-08-25 17:00","Spain","LaLiga","2025/2026","Celta Vigo","Getafe","1.71","3.60","5.91","1.12","6.84","1.47","2.77","2.54","1.54","5.15","1.18","10.70","1.06","2.33","1.61"
"64387","16-08-25 21:30","Spain","LaLiga","2025/2026","Alaves","Levante","2.15","3.18","3.99","1.13","6.50","1.56","2.50","2.66","1.50","5.41","1.17","11.20","1.05","2.06","1.76"
"64388","16-08-25 21:30","Spain","LaLiga","2025/2026","Valencia","Real Sociedad","2.50","3.07","3.27","1.13","6.50","1.51","2.63","2.66","1.50","5.41","1.17","11.20","1.05","2.02","1.80"
"64389","16-08-25 19:30","Spain","LaLiga","2025/2026","Mallorca","Barcelona","9.22","5.41","1.36","1.01","20.00","1.15","5.79","1.44","2.90","2.14","1.80","3.50","1.33","1.72","2.12"
"74557","15-08-25 21:30","Spain","LaLiga","2025/2026","Villarreal","Oviedo","1.43","4.84","8.15","1.04","13.00","1.26","4.00","1.90","2.00","3.24","1.37","6.00","1.14","2.02","1.80"
"74556","15-08-25 19:00","Spain","LaLiga","2025/2026","Girona","Rayo Vallecano","2.46","3.33","3.24","1.03","7.90","1.36","2.95","2.24","1.76","3.82","1.23","7.50","1.04","1.85","1.87"