"id","matchDate","Country","League","Season","homeTeam","awayTeam","FTHG","FTAG","FTR","1HHG","1HAG","1HR","2HHG","2HAG","2HR"
"120872","24-05-26 21:00","Spain","LaLiga","2025/2026","Villarreal","Atl. Madrid","5","1","H","4","1","H","1","0","H"
"120807","23-05-26 21:00","Spain","LaLiga","2025/2026","Alaves","Rayo Vallecano","1","2","A","1","0","H","0","2","A"
"120808","23-05-26 21:00","Spain","LaLiga","2025/2026","Betis","Levante","2","1","H","1","1","D","1","0","H"
"120809","23-05-26 21:00","Spain","LaLiga","2025/2026","Celta Vigo","Sevilla","1","0","H","0","0","D","1","0","H"
"120810","23-05-26 21:00","Spain","LaLiga","2025/2026","Espanyol","Real Sociedad","1","1","D","0","1","A","1","0","H"
"120811","23-05-26 21:00","Spain","LaLiga","2025/2026","Getafe","Osasuna","1","0","H","0","0","D","1","0","H"
"120812","23-05-26 21:00","Spain","LaLiga","2025/2026","Girona","Elche","1","1","D","0","1","A","1","0","H"
"120813","23-05-26 21:00","Spain","LaLiga","2025/2026","Mallorca","Oviedo","3","0","H","1","0","H","2","0","H"
"120814","23-05-26 21:00","Spain","LaLiga","2025/2026","Real Madrid","Ath Bilbao","4","2","H","2","1","H","2","1","H"
"120815","23-05-26 21:00","Spain","LaLiga","2025/2026","Valencia","Barcelona","3","1","H","0","0","D","3","1","H"
"120670","17-05-26 21:15","Spain","LaLiga","2025/2026","Barcelona","Betis","3","1","H","1","0","H","2","1","H"
"120661","17-05-26 19:00","Spain","LaLiga","2025/2026","Ath Bilbao","Celta Vigo","1","1","D","0","1","A","1","0","H"
"120662","17-05-26 19:00","Spain","LaLiga","2025/2026","Atl. Madrid","Girona","1","0","H","1","0","H","0","0","D"
"120663","17-05-26 19:00","Spain","LaLiga","2025/2026","Elche","Getafe","1","0","H","1","0","H","0","0","D"
"120664","17-05-26 19:00","Spain","LaLiga","2025/2026","Levante","Mallorca","2","0","H","1","0","H","1","0","H"
"120665","17-05-26 19:00","Spain","LaLiga","2025/2026","Osasuna","Espanyol","1","2","A","0","1","A","1","1","D"
"120666","17-05-26 19:00","Spain","LaLiga","2025/2026","Oviedo","Alaves","0","1","A","0","1","A","0","0","D"
"120667","17-05-26 19:00","Spain","LaLiga","2025/2026","Rayo Vallecano","Villarreal","2","0","H","1","0","H","1","0","H"
"120668","17-05-26 19:00","Spain","LaLiga","2025/2026","Real Sociedad","Valencia","3","4","A","1","2","A","2","2","D"
"120669","17-05-26 19:00","Spain","LaLiga","2025/2026","Sevilla","Real Madrid","0","1","A","0","1","A","0","0","D"
"120452","14-05-26 21:30","Spain","LaLiga","2025/2026","Real Madrid","Oviedo","2","0","H","1","0","H","1","0","H"
"120451","14-05-26 20:00","Spain","LaLiga","2025/2026","Girona","Real Sociedad","1","1","D","0","1","A","1","0","H"
"120450","14-05-26 19:00","Spain","LaLiga","2025/2026","Valencia","Rayo Vallecano","1","1","D","1","1","D","0","0","D"
"120440","13-05-26 21:30","Spain","LaLiga","2025/2026","Alaves","Barcelona","1","0","H","1","0","H","0","0","D"
"120441","13-05-26 21:30","Spain","LaLiga","2025/2026","Getafe","Mallorca","3","1","H","2","0","H","1","1","D"
"120438","13-05-26 19:00","Spain","LaLiga","2025/2026","Espanyol","Ath Bilbao","2","0","H","0","0","D","2","0","H"
"120439","13-05-26 19:00","Spain","LaLiga","2025/2026","Villarreal","Sevilla","2","3","A","2","2","D","0","1","A"
"120229","12-05-26 21:30","Spain","LaLiga","2025/2026","Osasuna","Atl. Madrid","1","2","A","0","1","A","1","1","D"
"120228","12-05-26 20:00","Spain","LaLiga","2025/2026","Betis","Elche","2","1","H","1","1","D","1","0","H"
"120227","12-05-26 19:00","Spain","LaLiga","2025/2026","Celta Vigo","Levante","2","3","A","1","1","D","1","2","A"
"119710","11-05-26 21:00","Spain","LaLiga","2025/2026","Rayo Vallecano","Girona","1","1","D","0","0","D","1","1","D"
"119416","10-05-26 21:00","Spain","LaLiga","2025/2026","Barcelona","Real Madrid","2","0","H","2","0","H","0","0","D"
"119415","10-05-26 18:30","Spain","LaLiga","2025/2026","Oviedo","Getafe","0","0","D","0","0","D","0","0","D"
"119414","10-05-26 16:15","Spain","LaLiga","2025/2026","Ath Bilbao","Valencia","0","1","A","0","0","D","0","1","A"
"119413","10-05-26 14:00","Spain","LaLiga","2025/2026","Mallorca","Villarreal","1","1","D","1","1","D","0","0","D"
"119298","09-05-26 21:00","Spain","LaLiga","2025/2026","Real Sociedad","Betis","2","2","D","0","1","A","2","1","H"
"119297","09-05-26 18:30","Spain","LaLiga","2025/2026","Atl. Madrid","Celta Vigo","0","1","A","0","0","D","0","1","A"
"119296","09-05-26 16:15","Spain","LaLiga","2025/2026","Sevilla","Espanyol","2","1","H","0","0","D","2","1","H"
"119295","09-05-26 14:00","Spain","LaLiga","2025/2026","Elche","Alaves","1","1","D","0","0","D","1","1","D"
"119228","08-05-26 21:00","Spain","LaLiga","2025/2026","Levante","Osasuna","3","2","H","2","2","D","1","0","H"
"119176","04-05-26 21:00","Spain","LaLiga","2025/2026","Sevilla","Real Sociedad","1","0","H","0","0","D","1","0","H"
"119132","03-05-26 21:00","Spain","LaLiga","2025/2026","Espanyol","Real Madrid","0","2","A","0","0","D","0","2","A"
"119131","03-05-26 18:30","Spain","LaLiga","2025/2026","Betis","Oviedo","3","0","H","2","0","H","1","0","H"
"119130","03-05-26 16:15","Spain","LaLiga","2025/2026","Getafe","Rayo Vallecano","0","2","A","0","1","A","0","1","A"
"119129","03-05-26 14:00","Spain","LaLiga","2025/2026","Celta Vigo","Elche","3","1","H","2","0","H","1","1","D"
"119030","02-05-26 21:00","Spain","LaLiga","2025/2026","Osasuna","Barcelona","1","2","A","0","0","D","1","2","A"
"119029","02-05-26 18:30","Spain","LaLiga","2025/2026","Alaves","Ath Bilbao","2","4","A","1","0","H","1","4","A"
"119028","02-05-26 16:15","Spain","LaLiga","2025/2026","Valencia","Atl. Madrid","0","2","A","0","0","D","0","2","A"
"119027","02-05-26 14:00","Spain","LaLiga","2025/2026","Villarreal","Levante","5","1","H","1","0","H","4","1","H"
"118899","01-05-26 21:00","Spain","LaLiga","2025/2026","Girona","Mallorca","0","1","A","0","1","A","0","0","D"
"118834","27-04-26 21:00","Spain","LaLiga","2025/2026","Espanyol","Levante","0","0","D","0","0","D","0","0","D"
"118794","26-04-26 21:00","Spain","LaLiga","2025/2026","Villarreal","Celta Vigo","2","1","H","2","0","H","0","1","A"
"118793","26-04-26 18:30","Spain","LaLiga","2025/2026","Osasuna","Sevilla","2","1","H","0","0","D","2","1","H"
"118792","26-04-26 16:15","Spain","LaLiga","2025/2026","Oviedo","Elche","1","2","A","0","2","A","1","0","H"
"118791","26-04-26 14:00","Spain","LaLiga","2025/2026","Rayo Vallecano","Real Sociedad","3","3","D","1","1","D","2","2","D"
"118693","25-04-26 21:00","Spain","LaLiga","2025/2026","Atl. Madrid","Ath Bilbao","3","2","H","0","1","A","3","1","H"
"118692","25-04-26 18:30","Spain","LaLiga","2025/2026","Valencia","Girona","2","1","H","0","0","D","2","1","H"
"118691","25-04-26 16:15","Spain","LaLiga","2025/2026","Getafe","Barcelona","0","2","A","0","1","A","0","1","A"
"118690","25-04-26 14:00","Spain","LaLiga","2025/2026","Alaves","Mallorca","2","1","H","0","1","A","2","0","H"
"118571","24-04-26 21:00","Spain","LaLiga","2025/2026","Betis","Real Madrid","1","1","D","0","1","A","1","0","H"
"118530","23-04-26 21:30","Spain","LaLiga","2025/2026","Oviedo","Villarreal","1","1","D","0","1","A","1","0","H"
"118529","23-04-26 20:00","Spain","LaLiga","2025/2026","Rayo Vallecano","Espanyol","1","0","H","0","0","D","1","0","H"
"118528","23-04-26 19:00","Spain","LaLiga","2025/2026","Levante","Sevilla","2","0","H","1","0","H","1","0","H"
"118502","22-04-26 21:30","Spain","LaLiga","2025/2026","Barcelona","Celta Vigo","1","0","H","1","0","H","0","0","D"
"118501","22-04-26 20:00","Spain","LaLiga","2025/2026","Real Sociedad","Getafe","0","1","A","0","1","A","0","0","D"
"118500","22-04-26 19:00","Spain","LaLiga","2025/2026","Elche","Atl. Madrid","3","2","H","2","2","D","1","0","H"
"118457","21-04-26 21:30","Spain","LaLiga","2025/2026","Girona","Betis","2","3","A","1","1","D","1","2","A"
"118458","21-04-26 21:30","Spain","LaLiga","2025/2026","Real Madrid","Alaves","2","1","H","1","0","H","1","1","D"
"118455","21-04-26 19:00","Spain","LaLiga","2025/2026","Ath Bilbao","Osasuna","1","0","H","1","0","H","0","0","D"
"118456","21-04-26 19:00","Spain","LaLiga","2025/2026","Mallorca","Valencia","1","1","D","0","0","D","1","1","D"
"118088","13-04-26 21:00","Spain","LaLiga","2025/2026","Levante","Getafe","1","0","H","0","0","D","1","0","H"
"118055","12-04-26 21:00","Spain","LaLiga","2025/2026","Ath Bilbao","Villarreal","1","2","A","0","2","A","1","0","H"
"118054","12-04-26 18:30","Spain","LaLiga","2025/2026","Celta Vigo","Oviedo","0","3","A","0","2","A","0","1","A"
"118053","12-04-26 16:15","Spain","LaLiga","2025/2026","Mallorca","Rayo Vallecano","3","0","H","2","0","H","1","0","H"
"118052","12-04-26 14:00","Spain","LaLiga","2025/2026","Osasuna","Betis","1","1","D","1","1","D","0","0","D"
"117953","11-04-26 21:00","Spain","LaLiga","2025/2026","Sevilla","Atl. Madrid","2","1","H","2","1","H","0","0","D"
"117952","11-04-26 18:30","Spain","LaLiga","2025/2026","Barcelona","Espanyol","4","1","H","2","0","H","2","1","H"
"117951","11-04-26 16:15","Spain","LaLiga","2025/2026","Elche","Valencia","1","0","H","0","0","D","1","0","H"
"117950","11-04-26 14:00","Spain","LaLiga","2025/2026","Real Sociedad","Alaves","3","3","D","2","2","D","1","1","D"
"117827","10-04-26 21:00","Spain","LaLiga","2025/2026","Real Madrid","Girona","1","1","D","0","0","D","1","1","D"
"117677","06-04-26 21:00","Spain","LaLiga","2025/2026","Girona","Villarreal","1","0","H","1","0","H","0","0","D"
"117584","05-04-26 21:00","Spain","LaLiga","2025/2026","Alaves","Osasuna","2","2","D","1","1","D","1","1","D"
"117583","05-04-26 18:30","Spain","LaLiga","2025/2026","Oviedo","Sevilla","1","0","H","1","0","H","0","0","D"
"117582","05-04-26 16:15","Spain","LaLiga","2025/2026","Valencia","Celta Vigo","2","3","A","1","0","H","1","3","A"
"117581","05-04-26 14:00","Spain","LaLiga","2025/2026","Getafe","Ath Bilbao","2","0","H","1","0","H","1","0","H"
"117485","04-04-26 21:00","Spain","LaLiga","2025/2026","Atl. Madrid","Barcelona","1","2","A","1","1","D","0","1","A"
"117484","04-04-26 18:30","Spain","LaLiga","2025/2026","Betis","Espanyol","0","0","D","0","0","D","0","0","D"
"117483","04-04-26 16:15","Spain","LaLiga","2025/2026","Mallorca","Real Madrid","2","1","H","1","0","H","1","1","D"
"117482","04-04-26 14:00","Spain","LaLiga","2025/2026","Real Sociedad","Levante","2","0","H","1","0","H","1","0","H"
"117403","03-04-26 21:00","Spain","LaLiga","2025/2026","Rayo Vallecano","Elche","1","0","H","0","0","D","1","0","H"
"114444","22-03-26 21:00","Spain","LaLiga","2025/2026","Real Madrid","Atl. Madrid","3","2","H","0","1","A","3","1","H"
"114443","22-03-26 18:30","Spain","LaLiga","2025/2026","Ath Bilbao","Betis","2","1","H","2","0","H","0","1","A"
"114442","22-03-26 16:15","Spain","LaLiga","2025/2026","Celta Vigo","Alaves","3","4","A","3","1","H","0","3","A"
"114441","22-03-26 14:00","Spain","LaLiga","2025/2026","Barcelona","Rayo Vallecano","1","0","H","1","0","H","0","0","D"
"114334","21-03-26 21:00","Spain","LaLiga","2025/2026","Sevilla","Valencia","0","2","A","0","2","A","0","0","D"
"114332","21-03-26 18:30","Spain","LaLiga","2025/2026","Levante","Oviedo","4","2","H","2","2","D","2","0","H"
"114333","21-03-26 18:30","Spain","LaLiga","2025/2026","Osasuna","Girona","1","0","H","0","0","D","1","0","H"
"114331","21-03-26 16:15","Spain","LaLiga","2025/2026","Espanyol","Getafe","1","2","A","0","2","A","1","0","H"
"114330","21-03-26 14:00","Spain","LaLiga","2025/2026","Elche","Mallorca","2","1","H","0","0","D","2","1","H"
"114220","20-03-26 21:00","Spain","LaLiga","2025/2026","Villarreal","Real Sociedad","3","1","H","3","0","H","0","1","A"
"110051","16-03-26 21:00","Spain","LaLiga","2025/2026","Rayo Vallecano","Levante","1","1","D","0","1","A","1","0","H"
"108029","15-03-26 21:00","Spain","LaLiga","2025/2026","Real Sociedad","Osasuna","3","1","H","2","0","H","1","1","D"
"108028","15-03-26 18:30","Spain","LaLiga","2025/2026","Betis","Celta Vigo","1","1","D","0","1","A","1","0","H"
"108027","15-03-26 16:15","Spain","LaLiga","2025/2026","Barcelona","Sevilla","5","2","H","3","1","H","2","1","H"
"108026","15-03-26 14:00","Spain","LaLiga","2025/2026","Mallorca","Espanyol","2","1","H","0","1","A","2","0","H"
"106626","14-03-26 21:00","Spain","LaLiga","2025/2026","Real Madrid","Elche","4","1","H","2","0","H","2","1","H"
"106625","14-03-26 18:30","Spain","LaLiga","2025/2026","Oviedo","Valencia","1","0","H","1","0","H","0","0","D"
"106624","14-03-26 16:15","Spain","LaLiga","2025/2026","Atl. Madrid","Getafe","1","0","H","1","0","H","0","0","D"
"106623","14-03-26 14:00","Spain","LaLiga","2025/2026","Girona","Ath Bilbao","3","0","H","1","0","H","2","0","H"
"105953","13-03-26 21:00","Spain","LaLiga","2025/2026","Alaves","Villarreal","1","1","D","1","0","H","0","1","A"
"100585","09-03-26 21:00","Spain","LaLiga","2025/2026","Espanyol","Oviedo","1","1","D","1","1","D","0","0","D"
"99656","08-03-26 21:00","Spain","LaLiga","2025/2026","Valencia","Alaves","3","2","H","0","1","A","3","1","H"
"99646","08-03-26 18:30","Spain","LaLiga","2025/2026","Sevilla","Rayo Vallecano","1","1","D","1","0","H","0","1","A"
"99624","08-03-26 16:15","Spain","LaLiga","2025/2026","Getafe","Betis","2","0","H","2","0","H","0","0","D"
"99607","08-03-26 14:00","Spain","LaLiga","2025/2026","Villarreal","Elche","2","1","H","2","0","H","0","1","A"
"99579","07-03-26 21:00","Spain","LaLiga","2025/2026","Ath Bilbao","Barcelona","0","1","A","0","0","D","0","1","A"
"99563","07-03-26 18:30","Spain","LaLiga","2025/2026","Atl. Madrid","Real Sociedad","3","2","H","1","1","D","2","1","H"
"99548","07-03-26 16:15","Spain","LaLiga","2025/2026","Levante","Girona","1","1","D","0","0","D","1","1","D"
"99510","07-03-26 14:00","Spain","LaLiga","2025/2026","Osasuna","Mallorca","2","2","D","0","1","A","2","1","H"
"99494","06-03-26 21:00","Spain","LaLiga","2025/2026","Celta Vigo","Real Madrid","1","2","A","1","1","D","0","1","A"
"99455","04-03-26 19:00","Spain","LaLiga","2025/2026","Rayo Vallecano","Oviedo","3","0","H","1","0","H","2","0","H"
"99423","02-03-26 21:00","Spain","LaLiga","2025/2026","Real Madrid","Getafe","0","1","A","0","1","A","0","0","D"
"98768","01-03-26 21:00","Spain","LaLiga","2025/2026","Girona","Celta Vigo","1","2","A","1","0","H","0","2","A"
"98757","01-03-26 18:30","Spain","LaLiga","2025/2026","Betis","Sevilla","2","2","D","2","0","H","0","2","A"
"98729","01-03-26 16:15","Spain","LaLiga","2025/2026","Valencia","Osasuna","1","0","H","0","0","D","1","0","H"
"98714","01-03-26 14:00","Spain","LaLiga","2025/2026","Elche","Espanyol","2","2","D","1","1","D","1","1","D"
"97486","28-02-26 21:00","Spain","LaLiga","2025/2026","Oviedo","Atl. Madrid","0","1","A","0","0","D","0","1","A"
"97468","28-02-26 18:30","Spain","LaLiga","2025/2026","Mallorca","Real Sociedad","0","1","A","0","1","A","0","0","D"
"97454","28-02-26 16:15","Spain","LaLiga","2025/2026","Barcelona","Villarreal","4","1","H","2","0","H","2","1","H"
"97408","28-02-26 14:00","Spain","LaLiga","2025/2026","Rayo Vallecano","Ath Bilbao","1","1","D","1","0","H","0","1","A"
"97384","27-02-26 21:00","Spain","LaLiga","2025/2026","Levante","Alaves","2","0","H","0","0","D","2","0","H"
"97282","23-02-26 21:00","Spain","LaLiga","2025/2026","Alaves","Girona","2","2","D","1","1","D","1","1","D"
"97260","22-02-26 21:00","Spain","LaLiga","2025/2026","Villarreal","Valencia","2","1","H","2","1","H","0","0","D"
"97251","22-02-26 18:30","Spain","LaLiga","2025/2026","Celta Vigo","Mallorca","2","0","H","0","0","D","2","0","H"
"97235","22-02-26 16:15","Spain","LaLiga","2025/2026","Barcelona","Levante","3","0","H","2","0","H","1","0","H"
"97216","22-02-26 14:00","Spain","LaLiga","2025/2026","Getafe","Sevilla","0","1","A","0","0","D","0","1","A"
"97179","21-02-26 21:00","Spain","LaLiga","2025/2026","Atl. Madrid","Espanyol","4","2","H","1","1","D","3","1","H"
"97158","21-02-26 18:30","Spain","LaLiga","2025/2026","Osasuna","Real Madrid","2","1","H","1","0","H","1","1","D"
"97145","21-02-26 16:15","Spain","LaLiga","2025/2026","Betis","Rayo Vallecano","1","1","D","1","1","D","0","0","D"
"97100","21-02-26 14:00","Spain","LaLiga","2025/2026","Real Sociedad","Oviedo","3","3","D","0","0","D","3","3","D"
"97071","20-02-26 21:00","Spain","LaLiga","2025/2026","Ath Bilbao","Elche","2","1","H","0","0","D","2","1","H"
"97019","18-02-26 20:00","Spain","LaLiga","2025/2026","Levante","Villarreal","0","1","A","0","0","D","0","1","A"
"94613","16-02-26 21:00","Spain","LaLiga","2025/2026","Girona","Barcelona","2","1","H","0","0","D","2","1","H"
"93115","15-02-26 21:00","Spain","LaLiga","2025/2026","Mallorca","Betis","1","2","A","0","2","A","1","0","H"
"93107","15-02-26 18:30","Spain","LaLiga","2025/2026","Levante","Valencia","0","2","A","0","0","D","0","2","A"
"93094","15-02-26 16:15","Spain","LaLiga","2025/2026","Rayo Vallecano","Atl. Madrid","3","0","H","2","0","H","1","0","H"
"93078","15-02-26 14:00","Spain","LaLiga","2025/2026","Oviedo","Ath Bilbao","1","2","A","1","0","H","0","2","A"
"93058","14-02-26 21:00","Spain","LaLiga","2025/2026","Real Madrid","Real Sociedad","4","1","H","3","1","H","1","0","H"
"93046","14-02-26 18:30","Spain","LaLiga","2025/2026","Sevilla","Alaves","1","1","D","1","0","H","0","1","A"
"93035","14-02-26 16:15","Spain","LaLiga","2025/2026","Getafe","Villarreal","2","1","H","1","0","H","1","1","D"
"92998","14-02-26 14:00","Spain","LaLiga","2025/2026","Espanyol","Celta Vigo","2","2","D","0","1","A","2","1","H"
"91780","13-02-26 21:00","Spain","LaLiga","2025/2026","Elche","Osasuna","0","0","D","0","0","D","0","0","D"
"91698","09-02-26 21:00","Spain","LaLiga","2025/2026","Villarreal","Espanyol","4","1","H","2","0","H","2","1","H"
"90996","08-02-26 21:00","Spain","LaLiga","2025/2026","Valencia","Real Madrid","0","2","A","0","0","D","0","2","A"
"90988","08-02-26 18:30","Spain","LaLiga","2025/2026","Atl. Madrid","Betis","0","1","A","0","1","A","0","0","D"
"90973","08-02-26 16:15","Spain","LaLiga","2025/2026","Ath Bilbao","Levante","4","2","H","2","0","H","2","2","D"
"90974","08-02-26 16:15","Spain","LaLiga","2025/2026","Sevilla","Girona","1","1","D","0","1","A","1","0","H"
"90960","08-02-26 14:00","Spain","LaLiga","2025/2026","Alaves","Getafe","0","2","A","0","0","D","0","2","A"
"90941","07-02-26 21:00","Spain","LaLiga","2025/2026","Real Sociedad","Elche","3","1","H","2","1","H","1","0","H"
"90915","07-02-26 16:15","Spain","LaLiga","2025/2026","Barcelona","Mallorca","3","0","H","1","0","H","2","0","H"
"90849","06-02-26 21:00","Spain","LaLiga","2025/2026","Celta Vigo","Osasuna","1","2","A","0","1","A","1","1","D"
"90178","02-02-26 21:00","Spain","LaLiga","2025/2026","Mallorca","Sevilla","4","1","H","1","1","D","3","0","H"
"89617","01-02-26 21:00","Spain","LaLiga","2025/2026","Ath Bilbao","Real Sociedad","1","1","D","0","1","A","1","0","H"
"89607","01-02-26 18:30","Spain","LaLiga","2025/2026","Getafe","Celta Vigo","0","0","D","0","0","D","0","0","D"
"89594","01-02-26 16:15","Spain","LaLiga","2025/2026","Betis","Valencia","2","1","H","1","1","D","1","0","H"
"89578","01-02-26 14:00","Spain","LaLiga","2025/2026","Real Madrid","Rayo Vallecano","2","1","H","1","0","H","1","1","D"
"88949","31-01-26 21:00","Spain","LaLiga","2025/2026","Elche","Barcelona","1","3","A","1","2","A","0","1","A"
"88936","31-01-26 18:30","Spain","LaLiga","2025/2026","Levante","Atl. Madrid","0","0","D","0","0","D","0","0","D"
"88922","31-01-26 16:15","Spain","LaLiga","2025/2026","Osasuna","Villarreal","2","2","D","2","1","H","0","1","A"
"88873","31-01-26 14:00","Spain","LaLiga","2025/2026","Oviedo","Girona","1","0","H","0","0","D","1","0","H"
"88854","30-01-26 21:00","Spain","LaLiga","2025/2026","Espanyol","Alaves","1","2","A","1","1","D","0","1","A"
"86848","26-01-26 21:00","Spain","LaLiga","2025/2026","Girona","Getafe","1","1","D","0","0","D","1","1","D"
"85222","25-01-26 21:00","Spain","LaLiga","2025/2026","Alaves","Betis","2","1","H","1","0","H","1","1","D"
"85216","25-01-26 18:30","Spain","LaLiga","2025/2026","Real Sociedad","Celta Vigo","3","1","H","1","0","H","2","1","H"
"85203","25-01-26 16:15","Spain","LaLiga","2025/2026","Barcelona","Oviedo","3","0","H","0","0","D","3","0","H"
"85188","25-01-26 14:00","Spain","LaLiga","2025/2026","Atl. Madrid","Mallorca","3","0","H","1","0","H","2","0","H"
"84322","24-01-26 21:00","Spain","LaLiga","2025/2026","Villarreal","Real Madrid","0","2","A","0","0","D","0","2","A"
"84310","24-01-26 18:30","Spain","LaLiga","2025/2026","Sevilla","Ath Bilbao","2","1","H","1","1","D","1","0","H"
"84300","24-01-26 16:15","Spain","LaLiga","2025/2026","Valencia","Espanyol","3","2","H","1","0","H","2","2","D"
"84255","24-01-26 14:00","Spain","LaLiga","2025/2026","Rayo Vallecano","Osasuna","1","3","A","0","1","A","1","2","A"
"83928","23-01-26 21:00","Spain","LaLiga","2025/2026","Levante","Elche","3","2","H","0","1","A","3","1","H"
"81005","19-01-26 21:00","Spain","LaLiga","2025/2026","Elche","Sevilla","2","2","D","1","0","H","1","2","A"
"79706","18-01-26 21:00","Spain","LaLiga","2025/2026","Real Sociedad","Barcelona","2","1","H","1","0","H","1","1","D"
"79700","18-01-26 18:30","Spain","LaLiga","2025/2026","Celta Vigo","Rayo Vallecano","3","0","H","1","0","H","2","0","H"
"79689","18-01-26 16:15","Spain","LaLiga","2025/2026","Atl. Madrid","Alaves","1","0","H","0","0","D","1","0","H"
"79678","18-01-26 14:00","Spain","LaLiga","2025/2026","Getafe","Valencia","0","1","A","0","0","D","0","1","A"
"79666","17-01-26 21:00","Spain","LaLiga","2025/2026","Betis","Villarreal","2","0","H","0","0","D","2","0","H"
"79653","17-01-26 18:30","Spain","LaLiga","2025/2026","Osasuna","Oviedo","3","2","H","1","1","D","2","1","H"
"79642","17-01-26 16:15","Spain","LaLiga","2025/2026","Mallorca","Ath Bilbao","3","2","H","2","2","D","1","0","H"
"79596","17-01-26 14:00","Spain","LaLiga","2025/2026","Real Madrid","Levante","2","0","H","0","0","D","2","0","H"
"79577","16-01-26 21:00","Spain","LaLiga","2025/2026","Espanyol","Girona","0","2","A","0","1","A","0","1","A"
"79548","12-01-26 21:00","Spain","LaLiga","2025/2026","Sevilla","Celta Vigo","0","1","A","0","0","D","0","1","A"
"79021","11-01-26 16:15","Spain","LaLiga","2025/2026","Levante","Espanyol","1","1","D","0","0","D","1","1","D"
"79013","11-01-26 14:00","Spain","LaLiga","2025/2026","Rayo Vallecano","Mallorca","2","1","H","2","1","H","0","0","D"
"77861","10-01-26 21:00","Spain","LaLiga","2025/2026","Valencia","Elche","1","1","D","0","0","D","1","1","D"
"77856","10-01-26 18:30","Spain","LaLiga","2025/2026","Girona","Osasuna","1","0","H","1","0","H","0","0","D"
"77852","10-01-26 16:15","Spain","LaLiga","2025/2026","Villarreal","Alaves","3","1","H","0","0","D","3","1","H"
"77837","10-01-26 14:00","Spain","LaLiga","2025/2026","Oviedo","Betis","1","1","D","0","0","D","1","1","D"
"76527","09-01-26 21:00","Spain","LaLiga","2025/2026","Getafe","Real Sociedad","1","2","A","0","1","A","1","1","D"
"75783","04-01-26 21:00","Spain","LaLiga","2025/2026","Real Sociedad","Atl. Madrid","1","1","D","0","0","D","1","1","D"
"75776","04-01-26 18:30","Spain","LaLiga","2025/2026","Alaves","Oviedo","1","1","D","0","0","D","1","1","D"
"75777","04-01-26 18:30","Spain","LaLiga","2025/2026","Mallorca","Girona","1","2","A","0","1","A","1","1","D"
"75768","04-01-26 16:15","Spain","LaLiga","2025/2026","Real Madrid","Betis","5","1","H","1","0","H","4","1","H"
"75748","04-01-26 14:00","Spain","LaLiga","2025/2026","Sevilla","Levante","0","3","A","0","1","A","0","2","A"
"75735","03-01-26 21:00","Spain","LaLiga","2025/2026","Espanyol","Barcelona","0","2","A","0","0","D","0","2","A"
"75722","03-01-26 18:30","Spain","LaLiga","2025/2026","Elche","Villarreal","1","3","A","1","2","A","0","1","A"
"75715","03-01-26 16:15","Spain","LaLiga","2025/2026","Osasuna","Ath Bilbao","1","1","D","1","0","H","0","1","A"
"75704","03-01-26 14:00","Spain","LaLiga","2025/2026","Celta Vigo","Valencia","4","1","H","1","0","H","3","1","H"
"75696","02-01-26 21:00","Spain","LaLiga","2025/2026","Rayo Vallecano","Getafe","1","1","D","1","0","H","0","1","A"
"75498","22-12-25 21:00","Spain","LaLiga","2025/2026","Ath Bilbao","Espanyol","1","2","A","1","1","D","0","1","A"
"75482","21-12-25 21:00","Spain","LaLiga","2025/2026","Betis","Getafe","4","0","H","1","0","H","3","0","H"
"75483","21-12-25 18:30","Spain","LaLiga","2025/2026","Elche","Rayo Vallecano","4","0","H","1","0","H","3","0","H"
"75484","21-12-25 16:15","Spain","LaLiga","2025/2026","Villarreal","Barcelona","0","2","A","0","1","A","0","1","A"
"75485","21-12-25 14:00","Spain","LaLiga","2025/2026","Girona","Atl. Madrid","0","3","A","0","2","A","0","1","A"
"75448","20-12-25 21:00","Spain","LaLiga","2025/2026","Real Madrid","Sevilla","2","0","H","1","0","H","1","0","H"
"75449","20-12-25 18:30","Spain","LaLiga","2025/2026","Osasuna","Alaves","3","0","H","0","0","D","3","0","H"
"75450","20-12-25 16:15","Spain","LaLiga","2025/2026","Levante","Real Sociedad","1","1","D","0","1","A","1","0","H"
"75451","20-12-25 14:00","Spain","LaLiga","2025/2026","Oviedo","Celta Vigo","0","0","D","0","0","D","0","0","D"
"75375","19-12-25 21:00","Spain","LaLiga","2025/2026","Valencia","Mallorca","1","1","D","0","1","A","1","0","H"
"75358","15-12-25 21:00","Spain","LaLiga","2025/2026","Rayo Vallecano","Betis","0","0","D","0","0","D","0","0","D"
"75339","14-12-25 21:00","Spain","LaLiga","2025/2026","Alaves","Real Madrid","1","2","A","0","1","A","1","1","D"
"75340","14-12-25 16:15","Spain","LaLiga","2025/2026","Celta Vigo","Ath Bilbao","2","0","H","0","0","D","2","0","H"
"75341","14-12-25 14:00","Spain","LaLiga","2025/2026","Sevilla","Oviedo","4","0","H","2","0","H","2","0","H"
"75294","13-12-25 21:00","Spain","LaLiga","2025/2026","Getafe","Espanyol","0","1","A","0","0","D","0","1","A"
"75295","13-12-25 18:30","Spain","LaLiga","2025/2026","Barcelona","Osasuna","2","0","H","0","0","D","2","0","H"
"75296","13-12-25 16:15","Spain","LaLiga","2025/2026","Mallorca","Elche","3","1","H","1","1","D","2","0","H"
"75297","13-12-25 14:00","Spain","LaLiga","2025/2026","Atl. Madrid","Valencia","2","1","H","1","0","H","1","1","D"
"75215","12-12-25 21:00","Spain","LaLiga","2025/2026","Real Sociedad","Girona","1","2","A","1","0","H","0","2","A"
"75145","08-12-25 21:00","Spain","LaLiga","2025/2026","Osasuna","Levante","2","0","H","2","0","H","0","0","D"
"75119","07-12-25 21:00","Spain","LaLiga","2025/2026","Real Madrid","Celta Vigo","0","2","A","0","0","D","0","2","A"
"75120","07-12-25 18:30","Spain","LaLiga","2025/2026","Espanyol","Rayo Vallecano","1","0","H","1","0","H","0","0","D"
"75121","07-12-25 16:15","Spain","LaLiga","2025/2026","Valencia","Sevilla","1","1","D","0","0","D","1","1","D"
"75122","07-12-25 14:00","Spain","LaLiga","2025/2026","Elche","Girona","3","0","H","1","0","H","2","0","H"
"75068","06-12-25 21:00","Spain","LaLiga","2025/2026","Ath Bilbao","Atl. Madrid","1","0","H","0","0","D","1","0","H"
"75069","06-12-25 18:30","Spain","LaLiga","2025/2026","Betis","Barcelona","3","5","A","1","4","A","2","1","H"
"75070","06-12-25 16:15","Spain","LaLiga","2025/2026","Alaves","Real Sociedad","1","0","H","1","0","H","0","0","D"
"75071","06-12-25 14:00","Spain","LaLiga","2025/2026","Villarreal","Getafe","2","0","H","1","0","H","1","0","H"
"75007","05-12-25 21:00","Spain","LaLiga","2025/2026","Oviedo","Mallorca","0","0","D","0","0","D","0","0","D"
"74983","03-12-25 19:00","Spain","LaLiga","2025/2026","Ath Bilbao","Real Madrid","0","3","A","0","2","A","0","1","A"
"74958","02-12-25 21:00","Spain","LaLiga","2025/2026","Barcelona","Atl. Madrid","3","1","H","1","1","D","2","0","H"
"74948","01-12-25 21:00","Spain","LaLiga","2025/2026","Rayo Vallecano","Valencia","1","1","D","1","0","H","0","1","A"
"74931","30-11-25 21:00","Spain","LaLiga","2025/2026","Girona","Real Madrid","1","1","D","1","0","H","0","1","A"
"74932","30-11-25 18:30","Spain","LaLiga","2025/2026","Celta Vigo","Espanyol","0","1","A","0","0","D","0","1","A"
"74933","30-11-25 16:15","Spain","LaLiga","2025/2026","Sevilla","Betis","0","2","A","0","0","D","0","2","A"
"74934","30-11-25 14:00","Spain","LaLiga","2025/2026","Real Sociedad","Villarreal","2","3","A","0","1","A","2","2","D"
"74877","29-11-25 21:00","Spain","LaLiga","2025/2026","Atl. Madrid","Oviedo","2","0","H","2","0","H","0","0","D"
"74878","29-11-25 18:30","Spain","LaLiga","2025/2026","Levante","Ath Bilbao","0","2","A","0","2","A","0","0","D"
"74879","29-11-25 16:15","Spain","LaLiga","2025/2026","Barcelona","Alaves","3","1","H","2","1","H","1","0","H"
"74880","29-11-25 14:00","Spain","LaLiga","2025/2026","Mallorca","Osasuna","2","2","D","0","0","D","2","2","D"
"74795","28-11-25 21:00","Spain","LaLiga","2025/2026","Getafe","Elche","1","0","H","0","0","D","1","0","H"
"74735","24-11-25 21:00","Spain","LaLiga","2025/2026","Espanyol","Sevilla","2","1","H","0","0","D","2","1","H"
"74712","23-11-25 21:00","Spain","LaLiga","2025/2026","Elche","Real Madrid","2","2","D","0","0","D","2","2","D"
"74713","23-11-25 18:30","Spain","LaLiga","2025/2026","Getafe","Atl. Madrid","0","1","A","0","0","D","0","1","A"
"74714","23-11-25 16:15","Spain","LaLiga","2025/2026","Betis","Girona","1","1","D","0","1","A","1","0","H"
"74715","23-11-25 14:00","Spain","LaLiga","2025/2026","Oviedo","Rayo Vallecano","0","0","D","0","0","D","0","0","D"
"74665","22-11-25 21:00","Spain","LaLiga","2025/2026","Villarreal","Mallorca","2","1","H","1","1","D","1","0","H"
"74666","22-11-25 18:30","Spain","LaLiga","2025/2026","Osasuna","Real Sociedad","1","3","A","1","0","H","0","3","A"
"74667","22-11-25 16:15","Spain","LaLiga","2025/2026","Barcelona","Ath Bilbao","4","0","H","2","0","H","2","0","H"
"74668","22-11-25 14:00","Spain","LaLiga","2025/2026","Alaves","Celta Vigo","0","1","A","0","0","D","0","1","A"
"74582","21-11-25 21:00","Spain","LaLiga","2025/2026","Valencia","Levante","1","0","H","0","0","D","1","0","H"
"74505","09-11-25 21:00","Spain","LaLiga","2025/2026","Celta Vigo","Barcelona","2","4","A","2","3","A","0","1","A"
"74506","09-11-25 18:30","Spain","LaLiga","2025/2026","Mallorca","Getafe","1","0","H","1","0","H","0","0","D"
"74507","09-11-25 18:30","Spain","LaLiga","2025/2026","Valencia","Betis","1","1","D","0","0","D","1","1","D"
"74508","09-11-25 16:15","Spain","LaLiga","2025/2026","Rayo Vallecano","Real Madrid","0","0","D","0","0","D","0","0","D"
"74509","09-11-25 14:00","Spain","LaLiga","2025/2026","Ath Bilbao","Oviedo","1","0","H","1","0","H","0","0","D"
"74442","08-11-25 21:00","Spain","LaLiga","2025/2026","Espanyol","Villarreal","0","2","A","0","1","A","0","1","A"
"74443","08-11-25 18:30","Spain","LaLiga","2025/2026","Atl. Madrid","Levante","3","1","H","1","1","D","2","0","H"
"74444","08-11-25 16:15","Spain","LaLiga","2025/2026","Sevilla","Osasuna","1","0","H","0","0","D","1","0","H"
"74445","08-11-25 14:00","Spain","LaLiga","2025/2026","Girona","Alaves","1","0","H","1","0","H","0","0","D"
"74357","07-11-25 21:00","Spain","LaLiga","2025/2026","Elche","Real Sociedad","1","1","D","0","0","D","1","1","D"
"74295","03-11-25 21:00","Spain","LaLiga","2025/2026","Oviedo","Osasuna","0","0","D","0","0","D","0","0","D"
"74268","02-11-25 21:00","Spain","LaLiga","2025/2026","Betis","Mallorca","3","0","H","3","0","H","0","0","D"
"74269","02-11-25 18:30","Spain","LaLiga","2025/2026","Barcelona","Elche","3","1","H","2","1","H","1","0","H"
"74270","02-11-25 16:15","Spain","LaLiga","2025/2026","Alaves","Espanyol","2","1","H","2","0","H","0","1","A"
"74271","02-11-25 14:00","Spain","LaLiga","2025/2026","Levante","Celta Vigo","1","2","A","0","1","A","1","1","D"
"74216","01-11-25 21:00","Spain","LaLiga","2025/2026","Real Madrid","Valencia","4","0","H","3","0","H","1","0","H"
"74217","01-11-25 18:30","Spain","LaLiga","2025/2026","Real Sociedad","Ath Bilbao","3","2","H","1","1","D","2","1","H"
"74218","01-11-25 16:15","Spain","LaLiga","2025/2026","Atl. Madrid","Sevilla","3","0","H","0","0","D","3","0","H"
"74219","01-11-25 14:00","Spain","LaLiga","2025/2026","Villarreal","Rayo Vallecano","4","0","H","1","0","H","3","0","H"
"74150","31-10-25 21:00","Spain","LaLiga","2025/2026","Getafe","Girona","2","1","H","0","0","D","2","1","H"
"70024","27-10-25 21:00","Spain","LaLiga","2025/2026","Betis","Atl. Madrid","0","2","A","0","2","A","0","0","D"
"69168","26-10-25 21:00","Spain","LaLiga","2025/2026","Rayo Vallecano","Alaves","1","0","H","0","0","D","1","0","H"
"69169","26-10-25 18:30","Spain","LaLiga","2025/2026","Osasuna","Celta Vigo","2","3","A","2","1","H","0","2","A"
"69170","26-10-25 16:15","Spain","LaLiga","2025/2026","Real Madrid","Barcelona","2","1","H","2","1","H","0","0","D"
"69171","26-10-25 14:00","Spain","LaLiga","2025/2026","Mallorca","Levante","1","1","D","0","1","A","1","0","H"
"67680","25-10-25 21:00","Spain","LaLiga","2025/2026","Valencia","Villarreal","0","2","A","0","1","A","0","1","A"
"67681","25-10-25 18:30","Spain","LaLiga","2025/2026","Ath Bilbao","Getafe","0","1","A","0","0","D","0","1","A"
"67682","25-10-25 16:15","Spain","LaLiga","2025/2026","Espanyol","Elche","1","0","H","0","0","D","1","0","H"
"67683","25-10-25 14:00","Spain","LaLiga","2025/2026","Girona","Oviedo","3","3","D","0","1","A","3","2","H"
"67362","24-10-25 21:00","Spain","LaLiga","2025/2026","Real Sociedad","Sevilla","2","1","H","2","1","H","0","0","D"
"67303","20-10-25 21:00","Spain","LaLiga","2025/2026","Alaves","Valencia","0","0","D","0","0","D","0","0","D"
"67234","19-10-25 21:00","Spain","LaLiga","2025/2026","Getafe","Real Madrid","0","1","A","0","0","D","0","1","A"
"67235","19-10-25 18:30","Spain","LaLiga","2025/2026","Levante","Rayo Vallecano","0","3","A","0","2","A","0","1","A"
"67236","19-10-25 16:15","Spain","LaLiga","2025/2026","Celta Vigo","Real Sociedad","1","1","D","1","0","H","0","1","A"
"67237","19-10-25 14:00","Spain","LaLiga","2025/2026","Elche","Ath Bilbao","0","0","D","0","0","D","0","0","D"
"67195","18-10-25 21:00","Spain","LaLiga","2025/2026","Atl. Madrid","Osasuna","1","0","H","0","0","D","1","0","H"
"67196","18-10-25 18:30","Spain","LaLiga","2025/2026","Villarreal","Betis","2","2","D","1","0","H","1","2","A"
"67197","18-10-25 16:15","Spain","LaLiga","2025/2026","Barcelona","Girona","2","1","H","1","1","D","1","0","H"
"67198","18-10-25 14:00","Spain","LaLiga","2025/2026","Sevilla","Mallorca","1","3","A","1","0","H","0","3","A"
"66620","17-10-25 21:00","Spain","LaLiga","2025/2026","Oviedo","Espanyol","0","2","A","0","0","D","0","2","A"
"65625","05-10-25 21:00","Spain","LaLiga","2025/2026","Celta Vigo","Atl. Madrid","1","1","D","0","1","A","1","0","H"
"65626","05-10-25 18:30","Spain","LaLiga","2025/2026","Espanyol","Betis","1","2","A","1","0","H","0","2","A"
"65627","05-10-25 18:30","Spain","LaLiga","2025/2026","Real Sociedad","Rayo Vallecano","0","1","A","0","0","D","0","1","A"
"65628","05-10-25 16:15","Spain","LaLiga","2025/2026","Sevilla","Barcelona","4","1","H","2","1","H","2","0","H"
"65629","05-10-25 14:00","Spain","LaLiga","2025/2026","Alaves","Elche","3","1","H","0","0","D","3","1","H"
"65572","04-10-25 21:00","Spain","LaLiga","2025/2026","Real Madrid","Villarreal","3","1","H","0","0","D","3","1","H"
"65573","04-10-25 18:30","Spain","LaLiga","2025/2026","Ath Bilbao","Mallorca","2","1","H","1","0","H","1","1","D"
"65574","04-10-25 16:15","Spain","LaLiga","2025/2026","Girona","Valencia","2","1","H","1","0","H","1","1","D"
"65575","04-10-25 14:00","Spain","LaLiga","2025/2026","Oviedo","Levante","0","2","A","0","1","A","0","1","A"
"65496","03-10-25 21:00","Spain","LaLiga","2025/2026","Osasuna","Getafe","2","1","H","1","1","D","1","0","H"
"65460","30-09-25 20:00","Spain","LaLiga","2025/2026","Valencia","Oviedo","1","2","A","1","0","H","0","2","A"
"65407","28-09-25 21:00","Spain","LaLiga","2025/2026","Betis","Osasuna","2","0","H","2","0","H","0","0","D"
"65408","28-09-25 18:30","Spain","LaLiga","2025/2026","Barcelona","Real Sociedad","2","1","H","1","1","D","1","0","H"
"65409","28-09-25 16:15","Spain","LaLiga","2025/2026","Elche","Celta Vigo","2","1","H","1","1","D","1","0","H"
"65410","28-09-25 14:00","Spain","LaLiga","2025/2026","Rayo Vallecano","Sevilla","0","1","A","0","0","D","0","1","A"
"65364","27-09-25 21:00","Spain","LaLiga","2025/2026","Villarreal","Ath Bilbao","1","0","H","0","0","D","1","0","H"
"65365","27-09-25 18:30","Spain","LaLiga","2025/2026","Mallorca","Alaves","1","0","H","1","0","H","0","0","D"
"65366","27-09-25 16:15","Spain","LaLiga","2025/2026","Atl. Madrid","Real Madrid","5","2","H","2","2","D","3","0","H"
"65367","27-09-25 14:00","Spain","LaLiga","2025/2026","Getafe","Levante","1","1","D","0","1","A","1","0","H"
"65283","26-09-25 21:00","Spain","LaLiga","2025/2026","Girona","Espanyol","0","0","D","0","0","D","0","0","D"
"65266","25-09-25 21:30","Spain","LaLiga","2025/2026","Oviedo","Barcelona","1","3","A","1","0","H","0","3","A"
"65267","25-09-25 19:30","Spain","LaLiga","2025/2026","Osasuna","Elche","1","1","D","1","0","H","0","1","A"
"65260","24-09-25 21:30","Spain","LaLiga","2025/2026","Atl. Madrid","Rayo Vallecano","3","2","H","1","1","D","2","1","H"
"65261","24-09-25 21:30","Spain","LaLiga","2025/2026","Real Sociedad","Mallorca","1","0","H","0","0","D","1","0","H"
"65262","24-09-25 19:00","Spain","LaLiga","2025/2026","Getafe","Alaves","1","1","D","0","0","D","1","1","D"
"65255","23-09-25 21:30","Spain","LaLiga","2025/2026","Levante","Real Madrid","1","4","A","0","2","A","1","2","A"
"65256","23-09-25 21:30","Spain","LaLiga","2025/2026","Sevilla","Villarreal","1","2","A","0","1","A","1","1","D"
"65257","23-09-25 19:00","Spain","LaLiga","2025/2026","Ath Bilbao","Girona","1","1","D","0","1","A","1","0","H"
"65258","23-09-25 19:00","Spain","LaLiga","2025/2026","Espanyol","Valencia","2","2","D","0","1","A","2","1","H"
"65212","21-09-25 21:00","Spain","LaLiga","2025/2026","Barcelona","Getafe","3","0","H","2","0","H","1","0","H"
"65213","21-09-25 18:30","Spain","LaLiga","2025/2026","Elche","Oviedo","1","0","H","1","0","H","0","0","D"
"65214","21-09-25 16:15","Spain","LaLiga","2025/2026","Mallorca","Atl. Madrid","1","1","D","0","0","D","1","1","D"
"65215","21-09-25 14:00","Spain","LaLiga","2025/2026","Rayo Vallecano","Celta Vigo","1","1","D","0","0","D","1","1","D"
"65163","20-09-25 21:00","Spain","LaLiga","2025/2026","Valencia","Ath Bilbao","2","0","H","0","0","D","2","0","H"
"65164","20-09-25 18:30","Spain","LaLiga","2025/2026","Alaves","Sevilla","1","2","A","1","1","D","0","1","A"
"65165","20-09-25 18:30","Spain","LaLiga","2025/2026","Villarreal","Osasuna","2","1","H","0","1","A","2","0","H"
"65166","20-09-25 16:15","Spain","LaLiga","2025/2026","Real Madrid","Espanyol","2","0","H","1","0","H","1","0","H"
"65167","20-09-25 14:00","Spain","LaLiga","2025/2026","Girona","Levante","0","4","A","0","1","A","0","3","A"
"65086","19-09-25 21:00","Spain","LaLiga","2025/2026","Betis","Real Sociedad","3","1","H","1","1","D","2","0","H"
"65057","15-09-25 21:00","Spain","LaLiga","2025/2026","Espanyol","Mallorca","3","2","H","2","1","H","1","1","D"
"65026","14-09-25 21:00","Spain","LaLiga","2025/2026","Barcelona","Valencia","6","0","H","1","0","H","5","0","H"
"65027","14-09-25 18:30","Spain","LaLiga","2025/2026","Osasuna","Rayo Vallecano","2","0","H","1","0","H","1","0","H"
"65028","14-09-25 16:15","Spain","LaLiga","2025/2026","Levante","Betis","2","2","D","2","1","H","0","1","A"
"65029","14-09-25 14:00","Spain","LaLiga","2025/2026","Celta Vigo","Girona","1","1","D","0","1","A","1","0","H"
"64979","13-09-25 21:00","Spain","LaLiga","2025/2026","Atl. Madrid","Villarreal","2","0","H","1","0","H","1","0","H"
"64980","13-09-25 18:30","Spain","LaLiga","2025/2026","Ath Bilbao","Alaves","0","1","A","0","0","D","0","1","A"
"64981","13-09-25 16:15","Spain","LaLiga","2025/2026","Real Sociedad","Real Madrid","1","2","A","0","2","A","1","0","H"
"64982","13-09-25 14:00","Spain","LaLiga","2025/2026","Getafe","Oviedo","2","0","H","2","0","H","0","0","D"
"64899","12-09-25 21:00","Spain","LaLiga","2025/2026","Sevilla","Elche","2","2","D","1","0","H","1","2","A"
"64792","31-08-25 21:30","Spain","LaLiga","2025/2026","Rayo Vallecano","Barcelona","1","1","D","0","1","A","1","0","H"
"64793","31-08-25 19:30","Spain","LaLiga","2025/2026","Espanyol","Osasuna","1","0","H","0","0","D","1","0","H"
"64794","31-08-25 19:00","Spain","LaLiga","2025/2026","Betis","Ath Bilbao","1","2","A","0","0","D","1","2","A"
"64795","31-08-25 17:00","Spain","LaLiga","2025/2026","Celta Vigo","Villarreal","1","1","D","0","0","D","1","1","D"
"64744","30-08-25 21:30","Spain","LaLiga","2025/2026","Real Madrid","Mallorca","2","1","H","2","1","H","0","0","D"
"64745","30-08-25 19:30","Spain","LaLiga","2025/2026","Girona","Sevilla","0","2","A","0","1","A","0","1","A"
"64746","30-08-25 19:00","Spain","LaLiga","2025/2026","Oviedo","Real Sociedad","1","0","H","1","0","H","0","0","D"
"64747","30-08-25 17:00","Spain","LaLiga","2025/2026","Alaves","Atl. Madrid","1","1","D","1","1","D","0","0","D"
"64665","29-08-25 21:30","Spain","LaLiga","2025/2026","Valencia","Getafe","3","0","H","1","0","H","2","0","H"
"64666","29-08-25 19:30","Spain","LaLiga","2025/2026","Elche","Levante","2","0","H","0","0","D","2","0","H"
"64647","27-08-25 21:00","Spain","LaLiga","2025/2026","Celta Vigo","Betis","1","1","D","0","1","A","1","0","H"
"64638","25-08-25 21:30","Spain","LaLiga","2025/2026","Sevilla","Getafe","1","2","A","1","1","D","0","1","A"
"64639","25-08-25 19:30","Spain","LaLiga","2025/2026","Ath Bilbao","Rayo Vallecano","1","0","H","0","0","D","1","0","H"
"64609","24-08-25 21:30","Spain","LaLiga","2025/2026","Oviedo","Real Madrid","0","3","A","0","1","A","0","2","A"
"64610","24-08-25 19:30","Spain","LaLiga","2025/2026","Real Sociedad","Espanyol","2","2","D","0","2","A","2","0","H"
"64611","24-08-25 19:30","Spain","LaLiga","2025/2026","Villarreal","Girona","5","0","H","4","0","H","1","0","H"
"64612","24-08-25 17:00","Spain","LaLiga","2025/2026","Osasuna","Valencia","1","0","H","1","0","H","0","0","D"
"64568","23-08-25 21:30","Spain","LaLiga","2025/2026","Levante","Barcelona","2","3","A","2","0","H","0","3","A"
"64569","23-08-25 19:30","Spain","LaLiga","2025/2026","Atl. Madrid","Elche","1","1","D","1","1","D","0","0","D"
"64570","23-08-25 17:00","Spain","LaLiga","2025/2026","Mallorca","Celta Vigo","1","1","D","0","1","A","1","0","H"
"64490","22-08-25 21:30","Spain","LaLiga","2025/2026","Betis","Alaves","1","0","H","1","0","H","0","0","D"
"64474","19-08-25 21:00","Spain","LaLiga","2025/2026","Real Madrid","Osasuna","1","0","H","0","0","D","1","0","H"
"64447","18-08-25 21:00","Spain","LaLiga","2025/2026","Elche","Betis","1","1","D","0","1","A","1","0","H"
"64419","17-08-25 21:30","Spain","LaLiga","2025/2026","Espanyol","Atl. Madrid","2","1","H","0","1","A","2","0","H"
"64420","17-08-25 19:30","Spain","LaLiga","2025/2026","Ath Bilbao","Sevilla","3","2","H","2","0","H","1","2","A"
"64421","17-08-25 17:00","Spain","LaLiga","2025/2026","Celta Vigo","Getafe","0","2","A","0","0","D","0","2","A"
"64387","16-08-25 21:30","Spain","LaLiga","2025/2026","Alaves","Levante","2","1","H","1","0","H","1","1","D"
"64388","16-08-25 21:30","Spain","LaLiga","2025/2026","Valencia","Real Sociedad","1","1","D","0","0","D","1","1","D"
"64389","16-08-25 19:30","Spain","LaLiga","2025/2026","Mallorca","Barcelona","0","3","A","0","2","A","0","1","A"
"74557","15-08-25 21:30","Spain","LaLiga","2025/2026","Villarreal","Oviedo","2","0","H","2","0","H","0","0","D"
"74556","15-08-25 19:00","Spain","LaLiga","2025/2026","Girona","Rayo Vallecano","1","3","A","0","3","A","1","0","H"