"id","matchDate","Country","League","Season","homeTeam","awayTeam","HBPFT","ABPFT","HBP1H","ABP1H","HBP2H","ABP2H","HTSFT","ATSFT","HTS1H","ATS1H","HTS2H","ATS2H","HSONFT","ASONFT","HSON1H","ASON1H","HSON2H","ASON2H","HSOFFFT","ASOFFFT","HSOFF1H","ASOFF1H","HSOFF2H","ASOFF2H"
"120872","24-05-26 21:00","Spain","LaLiga","2025/2026","Villarreal","Atl. Madrid","48","52","45","55","51","49","14","9","11","6","3","3","8","4","6","3","2","1","1","5","1","3","0","2"
"120807","23-05-26 21:00","Spain","LaLiga","2025/2026","Alaves","Rayo Vallecano","48","52","52","48","45","55","19","15","7","3","12","12","11","7","4","1","7","6","0","6","0","2","0","4"
"120808","23-05-26 21:00","Spain","LaLiga","2025/2026","Betis","Levante","63","37","65","35","61","39","18","15","6","7","12","8","8","7","4","4","4","3","5","6","1","2","4","4"
"120809","23-05-26 21:00","Spain","LaLiga","2025/2026","Celta Vigo","Sevilla","55","45","55","45","55","45","12","9","4","4","8","5","3","2","0","1","3","1","8","5","3","3","5","2"
"120810","23-05-26 21:00","Spain","LaLiga","2025/2026","Espanyol","Real Sociedad","50","50","49","51","51","49","17","9","6","5","11","4","8","4","3","2","5","2","6","4","3","2","3","2"
"120811","23-05-26 21:00","Spain","LaLiga","2025/2026","Getafe","Osasuna","53","47","60","40","47","53","6","11","3","5","3","6","3","5","2","3","1","2","1","4","0","2","1","2"
"120812","23-05-26 21:00","Spain","LaLiga","2025/2026","Girona","Elche","56","44","53","47","61","39","10","3","1","2","9","1","7","1","1","1","6","0","1","2","0","1","1","1"
"120813","23-05-26 21:00","Spain","LaLiga","2025/2026","Mallorca","Oviedo","58","42","63","37","52","48","23","7","14","5","9","2","7","0","2","0","5","0","7","6","5","4","2","2"
"120814","23-05-26 21:00","Spain","LaLiga","2025/2026","Real Madrid","Ath Bilbao","74","26","77","23","70","30","13","8","5","3","8","5","8","2","3","1","5","1","5","5","2","2","3","3"
"120815","23-05-26 21:00","Spain","LaLiga","2025/2026","Valencia","Barcelona","24","76","29","71","18","82","19","11","10","6","9","5","6","4","2","1","4","3","9","5","6","3","3","2"
"120670","17-05-26 21:15","Spain","LaLiga","2025/2026","Barcelona","Betis","63","37","67","33","59","41","15","7","6","3","9","4","9","2","5","1","4","1","5","2","1","1","4","1"
"120661","17-05-26 19:00","Spain","LaLiga","2025/2026","Ath Bilbao","Celta Vigo","58","42","57","43","59","41","27","3","13","2","14","1","9","2","6","2","3","0","14","0","6","0","8","0"
"120662","17-05-26 19:00","Spain","LaLiga","2025/2026","Atl. Madrid","Girona","47","53","48","52","46","54","17","25","9","12","8","13","4","11","3","6","1","5","10","7","5","2","5","5"
"120663","17-05-26 19:00","Spain","LaLiga","2025/2026","Elche","Getafe","59","41","77","23","43","57","10","4","8","0","2","4","3","0","3","0","0","0","4","2","2","0","2","2"
"120664","17-05-26 19:00","Spain","LaLiga","2025/2026","Levante","Mallorca","29","71","32","68","26","74","15","8","4","7","11","1","3","3","1","3","2","0","10","5","3","4","7","1"
"120665","17-05-26 19:00","Spain","LaLiga","2025/2026","Osasuna","Espanyol","68","32","62","38","74","26","24","7","11","4","13","3","8","3","3","1","5","2","5","2","3","2","2","0"
"120666","17-05-26 19:00","Spain","LaLiga","2025/2026","Oviedo","Alaves","70","30","66","34","74","26","8","7","4","3","4","4","0","1","0","1","0","0","5","4","3","2","2","2"
"120667","17-05-26 19:00","Spain","LaLiga","2025/2026","Rayo Vallecano","Villarreal","53","47","55","45","51","49","15","11","7","4","8","7","7","2","3","0","4","2","5","4","2","2","3","2"
"120668","17-05-26 19:00","Spain","LaLiga","2025/2026","Real Sociedad","Valencia","55","45","54","46","57","43","8","13","4","5","4","8","3","6","2","2","1","4","5","5","2","2","3","3"
"120669","17-05-26 19:00","Spain","LaLiga","2025/2026","Sevilla","Real Madrid","41","59","39","61","43","57","14","12","7","7","7","5","6","1","2","1","4","0","5","6","3","2","2","4"
"120452","14-05-26 21:30","Spain","LaLiga","2025/2026","Real Madrid","Oviedo","65","35","62","38","67","33","19","9","10","4","9","5","7","1","4","0","3","1","7","5","4","2","3","3"
"120451","14-05-26 20:00","Spain","LaLiga","2025/2026","Girona","Real Sociedad","60","40","57","43","63","37","29","6","17","4","12","2","4","2","3","2","1","0","15","1","7","0","8","1"
"120450","14-05-26 19:00","Spain","LaLiga","2025/2026","Valencia","Rayo Vallecano","52","48","54","46","51","49","12","6","8","5","4","1","3","3","3","3","0","0","4","1","2","1","2","0"
"120440","13-05-26 21:30","Spain","LaLiga","2025/2026","Alaves","Barcelona","23","77","28","72","17","83","9","8","7","6","2","2","3","0","2","0","1","0","3","5","3","3","0","2"
"120441","13-05-26 21:30","Spain","LaLiga","2025/2026","Getafe","Mallorca","40","60","44","56","35","65","6","9","3","4","3","5","4","2","2","1","2","1","2","4","1","3","1","1"
"120438","13-05-26 19:00","Spain","LaLiga","2025/2026","Espanyol","Ath Bilbao","63","37","62","38","64","36","12","11","8","8","4","3","5","4","2","3","3","1","5","4","5","3","0","1"
"120439","13-05-26 19:00","Spain","LaLiga","2025/2026","Villarreal","Sevilla","63","37","62","38","63","37","6","13","3","7","3","6","4","5","2","3","2","2","1","3","1","1","0","2"
"120229","12-05-26 21:30","Spain","LaLiga","2025/2026","Osasuna","Atl. Madrid","58","42","56","44","61","39","23","5","8","3","15","2","5","4","1","3","4","1","14","1","5","0","9","1"
"120228","12-05-26 20:00","Spain","LaLiga","2025/2026","Betis","Elche","45","55","39","61","51","49","16","8","3","4","13","4","7","2","1","2","6","0","7","4","2","1","5","3"
"120227","12-05-26 19:00","Spain","LaLiga","2025/2026","Celta Vigo","Levante","57","43","49","51","66","34","11","14","5","8","6","6","6","6","4","3","2","3","3","5","1","4","2","1"
"119710","11-05-26 21:00","Spain","LaLiga","2025/2026","Rayo Vallecano","Girona","59","41","61","39","56","44","18","9","5","3","13","6","5","5","1","2","4","3","6","2","2","1","4","1"
"119416","10-05-26 21:00","Spain","LaLiga","2025/2026","Barcelona","Real Madrid","57","43","55","45","59","41","10","8","4","6","6","2","7","1","3","1","4","0","2","6","1","5","1","1"
"119415","10-05-26 18:30","Spain","LaLiga","2025/2026","Oviedo","Getafe","46","54","53","47","39","61","8","22","2","7","6","15","4","4","0","3","4","1","2","9","1","1","1","8"
"119414","10-05-26 16:15","Spain","LaLiga","2025/2026","Ath Bilbao","Valencia","55","45","46","54","65","35","14","7","4","5","10","2","4","3","1","1","3","2","5","2","2","2","3","0"
"119413","10-05-26 14:00","Spain","LaLiga","2025/2026","Mallorca","Villarreal","56","44","55","45","56","44","18","7","9","3","9","4","8","2","2","1","6","1","7","3","5","1","2","2"
"119298","09-05-26 21:00","Spain","LaLiga","2025/2026","Real Sociedad","Betis","65","35","65","35","66","34","14","14","5","9","9","5","6","6","2","4","4","2","5","5","2","4","3","1"
"119297","09-05-26 18:30","Spain","LaLiga","2025/2026","Atl. Madrid","Celta Vigo","56","44","52","48","60","40","20","3","10","1","10","2","4","1","2","0","2","1","10","1","3","0","7","1"
"119296","09-05-26 16:15","Spain","LaLiga","2025/2026","Sevilla","Espanyol","65","35","58","42","72","28","21","10","10","3","11","7","6","5","2","1","4","4","7","3","3","1","4","2"
"119295","09-05-26 14:00","Spain","LaLiga","2025/2026","Elche","Alaves","65","35","62","38","68","32","16","12","6","4","10","8","5","4","1","0","4","4","7","5","2","2","5","3"
"119228","08-05-26 21:00","Spain","LaLiga","2025/2026","Levante","Osasuna","66","34","57","43","78","22","35","5","14","2","21","3","12","3","4","2","8","1","15","2","6","0","9","2"
"119176","04-05-26 21:00","Spain","LaLiga","2025/2026","Sevilla","Real Sociedad","42","58","53","47","32","68","19","6","15","1","4","5","5","0","4","0","1","0","8","1","6","0","2","1"
"119132","03-05-26 21:00","Spain","LaLiga","2025/2026","Espanyol","Real Madrid","33","67","33","67","34","66","17","15","7","8","10","7","3","5","1","1","2","4","8","5","4","3","4","2"
"119131","03-05-26 18:30","Spain","LaLiga","2025/2026","Betis","Oviedo","55","45","56","44","53","47","10","17","7","8","3","9","5","5","3","3","2","2","1","8","0","4","1","4"
"119130","03-05-26 16:15","Spain","LaLiga","2025/2026","Getafe","Rayo Vallecano","56","44","46","54","65","35","13","10","3","6","10","4","3","6","0","3","3","3","8","3","3","2","5","1"
"119129","03-05-26 14:00","Spain","LaLiga","2025/2026","Celta Vigo","Elche","33","67","34","66","33","67","6","15","2","7","4","8","4","4","2","3","2","1","1","8","0","3","1","5"
"119030","02-05-26 21:00","Spain","LaLiga","2025/2026","Osasuna","Barcelona","30","70","30","70","29","71","9","13","3","6","6","7","4","4","1","2","3","2","4","6","1","2","3","4"
"119029","02-05-26 18:30","Spain","LaLiga","2025/2026","Alaves","Ath Bilbao","50","50","41","59","57","43","7","9","2","4","5","5","4","4","1","0","3","4","1","4","0","4","1","0"
"119028","02-05-26 16:15","Spain","LaLiga","2025/2026","Valencia","Atl. Madrid","53","47","51","49","55","45","12","20","4","11","8","9","0","5","0","2","0","3","7","11","2","6","5","5"
"119027","02-05-26 14:00","Spain","LaLiga","2025/2026","Villarreal","Levante","53","47","61","39","45","55","20","12","8","4","12","8","8","3","1","1","7","2","8","5","5","2","3","3"
"118899","01-05-26 21:00","Spain","LaLiga","2025/2026","Girona","Mallorca","59","41","42","58","77","23","14","9","4","7","10","2","4","5","1","3","3","2","8","3","2","3","6","0"
"118834","27-04-26 21:00","Spain","LaLiga","2025/2026","Espanyol","Levante","50","50","48","52","52","48","9","8","6","1","3","7","3","4","3","1","0","3","5","1","2","0","3","1"
"118794","26-04-26 21:00","Spain","LaLiga","2025/2026","Villarreal","Celta Vigo","47","53","46","54","48","52","13","9","3","5","10","4","4","3","2","2","2","1","5","4","1","1","4","3"
"118793","26-04-26 18:30","Spain","LaLiga","2025/2026","Osasuna","Sevilla","61","39","54","46","69","31","15","8","5","4","10","4","7","2","2","1","5","1","6","5","2","3","4","2"
"118792","26-04-26 16:15","Spain","LaLiga","2025/2026","Oviedo","Elche","60","40","53","47","71","29","12","4","2","3","10","1","3","4","1","3","2","1","5","0","0","0","5","0"
"118791","26-04-26 14:00","Spain","LaLiga","2025/2026","Rayo Vallecano","Real Sociedad","58","42","55","45","61","39","24","13","5","7","19","6","9","8","1","3","8","5","8","3","2","2","6","1"
"118693","25-04-26 21:00","Spain","LaLiga","2025/2026","Atl. Madrid","Ath Bilbao","54","46","58","42","50","50","6","12","1","3","5","9","4","4","1","2","3","2","2","6","0","1","2","5"
"118692","25-04-26 18:30","Spain","LaLiga","2025/2026","Valencia","Girona","37","63","38","62","36","64","12","7","6","1","6","6","3","4","0","0","3","4","4","2","3","1","1","1"
"118691","25-04-26 16:15","Spain","LaLiga","2025/2026","Getafe","Barcelona","25","75","22","78","28","72","4","13","2","6","2","7","0","4","0","1","0","3","2","6","0","3","2","3"
"118690","25-04-26 14:00","Spain","LaLiga","2025/2026","Alaves","Mallorca","50","50","53","47","47","53","15","4","7","1","8","3","4","2","2","1","2","1","4","0","2","0","2","0"
"118571","24-04-26 21:00","Spain","LaLiga","2025/2026","Betis","Real Madrid","52","48","48","52","56","44","19","12","8","5","11","7","4","8","2","3","2","5","10","2","5","2","5","0"
"118530","23-04-26 21:30","Spain","LaLiga","2025/2026","Oviedo","Villarreal","58","42","59","41","57","43","15","7","5","3","10","4","4","3","2","2","2","1","8","3","3","1","5","2"
"118529","23-04-26 20:00","Spain","LaLiga","2025/2026","Rayo Vallecano","Espanyol","52","48","58","42","47","53","17","15","9","3","8","12","6","4","2","1","4","3","9","6","6","1","3","5"
"118528","23-04-26 19:00","Spain","LaLiga","2025/2026","Levante","Sevilla","43","57","57","43","28","72","8","7","4","2","4","5","3","0","2","0","1","0","3","6","1","2","2","4"
"118502","22-04-26 21:30","Spain","LaLiga","2025/2026","Barcelona","Celta Vigo","61","39","53","47","68","32","10","6","6","4","4","2","3","3","2","2","1","1","5","1","3","1","2","0"
"118501","22-04-26 20:00","Spain","LaLiga","2025/2026","Real Sociedad","Getafe","66","34","52","48","79","21","13","5","6","3","7","2","4","0","3","0","1","0","5","4","1","3","4","1"
"118500","22-04-26 19:00","Spain","LaLiga","2025/2026","Elche","Atl. Madrid","72","28","70","30","74","26","14","6","5","3","9","3","6","3","2","2","4","1","6","2","2","1","4","1"
"118457","21-04-26 21:30","Spain","LaLiga","2025/2026","Girona","Betis","56","44","59","41","53","47","9","7","6","3","3","4","2","3","1","1","1","2","2","2","1","1","1","1"
"118458","21-04-26 21:30","Spain","LaLiga","2025/2026","Real Madrid","Alaves","61","39","66","34","55","45","24","19","13","6","11","13","8","5","3","2","5","3","9","7","5","1","4","6"
"118455","21-04-26 19:00","Spain","LaLiga","2025/2026","Ath Bilbao","Osasuna","35","65","37","63","32","68","7","8","6","0","1","8","2","3","2","0","0","3","3","3","3","0","0","3"
"118456","21-04-26 19:00","Spain","LaLiga","2025/2026","Mallorca","Valencia","59","41","65","35","53","47","20","10","7","2","13","8","8","3","2","0","6","3","7","4","4","1","3","3"
"118088","13-04-26 21:00","Spain","LaLiga","2025/2026","Levante","Getafe","63","37","67","33","59","41","22","5","7","4","15","1","4","1","1","1","3","0","10","2","4","2","6","0"
"118055","12-04-26 21:00","Spain","LaLiga","2025/2026","Ath Bilbao","Villarreal","61","39","56","44","65","35","18","12","4","6","14","6","6","6","2","4","4","2","4","3","1","0","3","3"
"118054","12-04-26 18:30","Spain","LaLiga","2025/2026","Celta Vigo","Oviedo","68","32","63","37","73","27","9","8","5","5","4","3","6","5","4","3","2","2","1","2","1","1","0","1"
"118053","12-04-26 16:15","Spain","LaLiga","2025/2026","Mallorca","Rayo Vallecano","45","55","54","46","36","64","12","17","9","2","3","15","4","3","3","1","1","2","8","9","6","1","2","8"
"118052","12-04-26 14:00","Spain","LaLiga","2025/2026","Osasuna","Betis","51","49","56","44","45","55","12","8","6","2","6","6","4","3","2","2","2","1","2","1","1","0","1","1"
"117953","11-04-26 21:00","Spain","LaLiga","2025/2026","Sevilla","Atl. Madrid","32","68","36","64","28","72","11","13","8","7","3","6","2","2","2","1","0","1","4","7","3","3","1","4"
"117952","11-04-26 18:30","Spain","LaLiga","2025/2026","Barcelona","Espanyol","77","23","81","19","72","28","20","10","12","2","8","8","10","2","5","1","5","1","6","5","5","1","1","4"
"117951","11-04-26 16:15","Spain","LaLiga","2025/2026","Elche","Valencia","57","43","66","34","47","53","8","22","3","8","5","14","2","8","0","1","2","7","5","7","3","3","2","4"
"117950","11-04-26 14:00","Spain","LaLiga","2025/2026","Real Sociedad","Alaves","54","46","63","37","45","55","12","12","8","3","4","9","4","2","3","1","1","1","4","7","2","1","2","6"
"117827","10-04-26 21:00","Spain","LaLiga","2025/2026","Real Madrid","Girona","61","39","57","43","66","34","22","10","9","4","13","6","9","2","5","1","4","1","7","5","2","3","5","2"
"117677","06-04-26 21:00","Spain","LaLiga","2025/2026","Girona","Villarreal","54","46","63","37","44","56","10","9","3","2","7","7","2","0","0","0","2","0","3","3","1","0","2","3"
"117584","05-04-26 21:00","Spain","LaLiga","2025/2026","Alaves","Osasuna","48","52","47","53","48","52","18","8","10","3","8","5","6","5","4","2","2","3","9","0","3","0","6","0"
"117583","05-04-26 18:30","Spain","LaLiga","2025/2026","Oviedo","Sevilla","70","30","71","29","68","32","7","9","2","7","5","2","4","0","2","0","2","0","2","7","0","6","2","1"
"117582","05-04-26 16:15","Spain","LaLiga","2025/2026","Valencia","Celta Vigo","42","58","32","68","55","45","13","9","5","2","8","7","4","5","2","1","2","4","7","3","2","1","5","2"
"117581","05-04-26 14:00","Spain","LaLiga","2025/2026","Getafe","Ath Bilbao","32","68","39","61","25","75","10","5","6","2","4","3","6","0","3","0","3","0","3","3","2","1","1","2"
"117485","04-04-26 21:00","Spain","LaLiga","2025/2026","Atl. Madrid","Barcelona","33","67","47","53","17","83","6","22","6","7","0","15","2","8","2","3","0","5","4","7","4","3","0","4"
"117484","04-04-26 18:30","Spain","LaLiga","2025/2026","Betis","Espanyol","70","30","72","28","67","33","19","8","11","4","8","4","6","1","4","1","2","0","10","6","5","3","5","3"
"117483","04-04-26 16:15","Spain","LaLiga","2025/2026","Mallorca","Real Madrid","36","64","37","63","35","65","6","15","3","8","3","7","2","6","1","4","1","2","3","6","2","2","1","4"
"117482","04-04-26 14:00","Spain","LaLiga","2025/2026","Real Sociedad","Levante","59","41","59","41","60","40","18","8","10","2","8","6","5","4","2","1","3","3","9","3","5","1","4","2"
"117403","03-04-26 21:00","Spain","LaLiga","2025/2026","Rayo Vallecano","Elche","59","41","54","46","65","35","21","9","8","7","13","2","5","4","2","3","3","1","10","2","4","2","6","0"
"114444","22-03-26 21:00","Spain","LaLiga","2025/2026","Real Madrid","Atl. Madrid","52","48","65","35","37","63","17","13","10","5","7","8","10","7","5","3","5","4","6","5","4","1","2","4"
"114443","22-03-26 18:30","Spain","LaLiga","2025/2026","Ath Bilbao","Betis","39","61","44","56","33","67","11","11","8","4","3","7","6","3","5","1","1","2","3","6","2","2","1","4"
"114442","22-03-26 16:15","Spain","LaLiga","2025/2026","Celta Vigo","Alaves","55","45","55","45","56","44","12","14","5","6","7","8","5","6","3","2","2","4","3","7","0","3","3","4"
"114441","22-03-26 14:00","Spain","LaLiga","2025/2026","Barcelona","Rayo Vallecano","61","39","65","35","57","43","15","8","9","2","6","6","4","4","4","1","0","3","6","3","2","1","4","2"
"114334","21-03-26 21:00","Spain","LaLiga","2025/2026","Sevilla","Valencia","59","41","58","42","60","40","13","9","3","8","10","1","2","4","0","4","2","0","6","1","2","1","4","0"
"114332","21-03-26 18:30","Spain","LaLiga","2025/2026","Levante","Oviedo","38","62","43","57","32","68","20","10","13","7","7","3","8","2","4","2","4","0","6","6","4","5","2","1"
"114333","21-03-26 18:30","Spain","LaLiga","2025/2026","Osasuna","Girona","48","52","58","42","37","63","19","5","9","0","10","5","11","0","5","0","6","0","5","2","2","0","3","2"
"114331","21-03-26 16:15","Spain","LaLiga","2025/2026","Espanyol","Getafe","65","35","65","35","66","34","15","10","4","4","11","6","5","5","1","2","4","3","7","4","2","1","5","3"
"114330","21-03-26 14:00","Spain","LaLiga","2025/2026","Elche","Mallorca","47","53","50","50","43","57","13","11","8","4","5","7","4","4","2","1","2","3","6","4","4","1","2","3"
"114220","20-03-26 21:00","Spain","LaLiga","2025/2026","Villarreal","Real Sociedad","35","65","33","67","37","63","21","11","12","6","9","5","10","4","6","3","4","1","8","4","3","1","5","3"
"110051","16-03-26 21:00","Spain","LaLiga","2025/2026","Rayo Vallecano","Levante","58","42","57","43","58","42","18","19","4","11","14","8","4","5","1","4","3","1","10","7","3","4","7","3"
"108029","15-03-26 21:00","Spain","LaLiga","2025/2026","Real Sociedad","Osasuna","49","51","51","49","47","53","15","13","9","5","6","8","6","5","4","2","2","3","9","6","5","2","4","4"
"108028","15-03-26 18:30","Spain","LaLiga","2025/2026","Betis","Celta Vigo","52","48","40","60","65","35","19","7","8","6","11","1","6","3","2","3","4","0","5","3","3","2","2","1"
"108027","15-03-26 16:15","Spain","LaLiga","2025/2026","Barcelona","Sevilla","61","39","52","48","68","32","13","8","7","5","6","3","8","4","5","1","3","3","5","2","2","2","3","0"
"108026","15-03-26 14:00","Spain","LaLiga","2025/2026","Mallorca","Espanyol","68","32","62","38","76","24","26","10","8","8","18","2","12","2","4","2","8","0","9","6","1","4","8","2"
"106626","14-03-26 21:00","Spain","LaLiga","2025/2026","Real Madrid","Elche","47","53","45","55","50","50","14","11","5","1","9","10","6","1","3","0","3","1","5","7","2","1","3","6"
"106625","14-03-26 18:30","Spain","LaLiga","2025/2026","Oviedo","Valencia","42","58","53","47","32","68","11","13","4","7","7","6","6","2","3","1","3","1","4","5","1","3","3","2"
"106624","14-03-26 16:15","Spain","LaLiga","2025/2026","Atl. Madrid","Getafe","66","34","68","32","63","37","16","7","8","0","8","7","5","3","2","0","3","3","9","3","5","0","4","3"
"106623","14-03-26 14:00","Spain","LaLiga","2025/2026","Girona","Ath Bilbao","47","53","51","49","42","58","14","20","4","5","10","15","6","9","2","1","4","8","4","7","0","3","4","4"
"105953","13-03-26 21:00","Spain","LaLiga","2025/2026","Alaves","Villarreal","48","52","58","42","38","62","8","10","4","5","4","5","0","4","0","2","0","2","2","5","1","3","1","2"
"100585","09-03-26 21:00","Spain","LaLiga","2025/2026","Espanyol","Oviedo","58","42","63","37","53","47","28","6","14","1","14","5","9","3","5","1","4","2","10","2","5","0","5","2"
"99656","08-03-26 21:00","Spain","LaLiga","2025/2026","Valencia","Alaves","61","39","63","37","59","41","19","10","6","4","13","6","8","4","1","2","7","2","5","3","2","1","3","2"
"99646","08-03-26 18:30","Spain","LaLiga","2025/2026","Sevilla","Rayo Vallecano","42","58","38","62","47","53","11","9","7","4","4","5","2","2","1","1","1","1","4","2","3","1","1","1"
"99624","08-03-26 16:15","Spain","LaLiga","2025/2026","Getafe","Betis","29","71","25","75","32","68","9","14","7","6","2","8","5","5","4","2","1","3","3","8","2","4","1","4"
"99607","08-03-26 14:00","Spain","LaLiga","2025/2026","Villarreal","Elche","37","63","39","61","35","65","16","13","10","5","6","8","7","6","5","2","2","4","6","6","4","3","2","3"
"99579","07-03-26 21:00","Spain","LaLiga","2025/2026","Ath Bilbao","Barcelona","30","70","24","76","36","64","10","7","3","2","7","5","3","2","1","0","2","2","6","3","2","2","4","1"
"99563","07-03-26 18:30","Spain","LaLiga","2025/2026","Atl. Madrid","Real Sociedad","52","48","58","42","45","55","24","7","13","3","11","4","9","3","4","2","5","1","12","2","7","1","5","1"
"99548","07-03-26 16:15","Spain","LaLiga","2025/2026","Levante","Girona","33","67","41","59","25","75","14","22","10","6","4","16","4","5","2","2","2","3","6","10","4","2","2","8"
"99510","07-03-26 14:00","Spain","LaLiga","2025/2026","Osasuna","Mallorca","50","50","37","63","65","35","22","8","5","5","17","3","5","4","1","3","4","1","9","2","1","1","8","1"
"99494","06-03-26 21:00","Spain","LaLiga","2025/2026","Celta Vigo","Real Madrid","37","63","43","57","29","71","8","14","5","7","3","7","4","3","3","1","1","2","4","4","2","3","2","1"
"99455","04-03-26 19:00","Spain","LaLiga","2025/2026","Rayo Vallecano","Oviedo","52","48","57","43","47","53","19","8","12","3","7","5","7","2","4","0","3","2","6","2","4","1","2","1"
"99423","02-03-26 21:00","Spain","LaLiga","2025/2026","Real Madrid","Getafe","77","23","79","21","75","25","18","9","6","6","12","3","7","3","4","1","3","2","7","2","2","1","5","1"
"98768","01-03-26 21:00","Spain","LaLiga","2025/2026","Girona","Celta Vigo","57","43","54","46","60","40","15","7","4","5","11","2","7","5","2","3","5","2","5","1","2","1","3","0"
"98757","01-03-26 18:30","Spain","LaLiga","2025/2026","Betis","Sevilla","45","55","49","51","41","59","9","14","5","5","4","9","2","6","2","2","0","4","3","3","2","2","1","1"
"98729","01-03-26 16:15","Spain","LaLiga","2025/2026","Valencia","Osasuna","48","52","58","42","35","65","14","8","7","2","7","6","1","0","0","0","1","0","8","5","4","1","4","4"
"98714","01-03-26 14:00","Spain","LaLiga","2025/2026","Elche","Espanyol","71","29","68","32","73","27","17","9","6","4","11","5","9","4","3","2","6","2","3","3","0","1","3","2"
"97486","28-02-26 21:00","Spain","LaLiga","2025/2026","Oviedo","Atl. Madrid","38","62","42","58","35","65","16","12","10","5","6","7","6","1","3","0","3","1","8","5","5","1","3","4"
"97468","28-02-26 18:30","Spain","LaLiga","2025/2026","Mallorca","Real Sociedad","44","56","45","55","43","57","6","12","2","7","4","5","1","2","1","1","0","1","3","7","0","3","3","4"
"97454","28-02-26 16:15","Spain","LaLiga","2025/2026","Barcelona","Villarreal","74","26","65","35","82","18","19","6","10","1","9","5","8","1","4","0","4","1","8","3","4","1","4","2"
"97408","28-02-26 14:00","Spain","LaLiga","2025/2026","Rayo Vallecano","Ath Bilbao","50","50","50","50","49","51","15","8","10","4","5","4","7","2","5","0","2","2","6","2","5","2","1","0"
"97384","27-02-26 21:00","Spain","LaLiga","2025/2026","Levante","Alaves","49","51","40","60","61","39","22","17","3","13","19","4","5","7","1","6","4","1","8","5","2","3","6","2"
"97282","23-02-26 21:00","Spain","LaLiga","2025/2026","Alaves","Girona","44","56","33","67","56","44","17","10","6","5","11","5","6","5","3","2","3","3","8","1","3","1","5","0"
"97260","22-02-26 21:00","Spain","LaLiga","2025/2026","Villarreal","Valencia","43","57","56","44","32","68","12","8","8","4","4","4","5","3","5","1","0","2","6","2","2","1","4","1"
"97251","22-02-26 18:30","Spain","LaLiga","2025/2026","Celta Vigo","Mallorca","57","43","61","39","52","48","20","1","7","1","13","0","7","0","2","0","5","0","7","1","2","1","5","0"
"97235","22-02-26 16:15","Spain","LaLiga","2025/2026","Barcelona","Levante","73","27","78","22","66","34","22","5","9","3","13","2","9","2","3","2","6","0","8","2","5","1","3","1"
"97216","22-02-26 14:00","Spain","LaLiga","2025/2026","Getafe","Sevilla","31","69","32","68","30","70","6","6","2","1","4","5","3","1","1","0","2","1","1","4","1","1","0","3"
"97179","21-02-26 21:00","Spain","LaLiga","2025/2026","Atl. Madrid","Espanyol","61","39","68","32","54","46","18","8","10","3","8","5","9","2","4","1","5","1","6","3","5","1","1","2"
"97158","21-02-26 18:30","Spain","LaLiga","2025/2026","Osasuna","Real Madrid","39","61","36","64","42","58","13","15","9","9","4","6","2","5","1","4","1","1","6","5","4","3","2","2"
"97145","21-02-26 16:15","Spain","LaLiga","2025/2026","Betis","Rayo Vallecano","47","53","45","55","49","51","14","12","8","6","6","6","3","3","1","3","2","0","6","4","3","0","3","4"
"97100","21-02-26 14:00","Spain","LaLiga","2025/2026","Real Sociedad","Oviedo","62","38","67","33","57","43","15","14","4","7","11","7","8","6","2","2","6","4","3","4","1","3","2","1"
"97071","20-02-26 21:00","Spain","LaLiga","2025/2026","Ath Bilbao","Elche","46","54","43","57","49","51","18","2","10","1","8","1","8","2","3","1","5","1","4","0","4","0","0","0"
"97019","18-02-26 20:00","Spain","LaLiga","2025/2026","Levante","Villarreal","59","41","59","41","60","40","16","15","2","6","14","9","4","6","1","1","3","5","6","7","1","3","5","4"
"94613","16-02-26 21:00","Spain","LaLiga","2025/2026","Girona","Barcelona","29","71","33","67","26","74","13","27","4","12","9","15","9","4","2","2","7","2","3","12","2","7","1","5"
"93115","15-02-26 21:00","Spain","LaLiga","2025/2026","Mallorca","Betis","65","35","60","40","69","31","14","17","5","8","9","9","3","8","2","4","1","4","8","5","1","1","7","4"
"93107","15-02-26 18:30","Spain","LaLiga","2025/2026","Levante","Valencia","47","53","41","59","54","46","9","5","3","2","6","3","1","2","1","0","0","2","7","2","2","1","5","1"
"93094","15-02-26 16:15","Spain","LaLiga","2025/2026","Rayo Vallecano","Atl. Madrid","41","59","44","56","39","61","13","9","11","4","2","5","9","4","7","1","2","3","1","2","1","2","0","0"
"93078","15-02-26 14:00","Spain","LaLiga","2025/2026","Oviedo","Ath Bilbao","54","46","52","48","57","43","7","13","4","4","3","9","1","4","1","1","0","3","6","5","3","1","3","4"
"93058","14-02-26 21:00","Spain","LaLiga","2025/2026","Real Madrid","Real Sociedad","52","48","56","44","48","52","11","13","6","4","5","9","5","3","3","1","2","2","3","5","1","3","2","2"
"93046","14-02-26 18:30","Spain","LaLiga","2025/2026","Sevilla","Alaves","25","75","35","65","17","83","4","12","3","3","1","9","2","1","1","0","1","1","1","7","1","1","0","6"
"93035","14-02-26 16:15","Spain","LaLiga","2025/2026","Getafe","Villarreal","43","57","48","52","39","61","5","8","4","0","1","8","2","2","1","0","1","2","2","4","2","0","0","4"
"92998","14-02-26 14:00","Spain","LaLiga","2025/2026","Espanyol","Celta Vigo","43","57","51","49","34","66","9","14","3","5","6","9","3","5","1","2","2","3","3","6","1","3","2","3"
"91780","13-02-26 21:00","Spain","LaLiga","2025/2026","Elche","Osasuna","64","36","62","38","67","33","17","6","7","2","10","4","5","2","2","1","3","1","8","1","3","0","5","1"
"91698","09-02-26 21:00","Spain","LaLiga","2025/2026","Villarreal","Espanyol","49","51","46","54","52","48","10","9","6","3","4","6","3","2","1","0","2","2","4","5","3","2","1","3"
"90996","08-02-26 21:00","Spain","LaLiga","2025/2026","Valencia","Real Madrid","40","60","34","66","45","55","7","11","3","6","4","5","0","6","0","3","0","3","5","4","2","2","3","2"
"90988","08-02-26 18:30","Spain","LaLiga","2025/2026","Atl. Madrid","Betis","65","35","63","37","67","33","10","8","7","5","3","3","5","4","3","3","2","1","4","3","3","2","1","1"
"90973","08-02-26 16:15","Spain","LaLiga","2025/2026","Ath Bilbao","Levante","55","45","49","51","61","39","22","6","8","1","14","5","7","3","3","0","4","3","9","2","3","1","6","1"
"90974","08-02-26 16:15","Spain","LaLiga","2025/2026","Sevilla","Girona","51","49","42","58","61","39","11","15","3","8","8","7","3","6","1","5","2","1","7","5","2","1","5","4"
"90960","08-02-26 14:00","Spain","LaLiga","2025/2026","Alaves","Getafe","60","40","60","40","60","40","13","17","7","8","6","9","5","5","2","1","3","4","8","6","5","4","3","2"
"90941","07-02-26 21:00","Spain","LaLiga","2025/2026","Real Sociedad","Elche","34","66","33","67","34","66","11","11","4","6","7","5","3","5","2","2","1","3","7","5","1","4","6","1"
"90915","07-02-26 16:15","Spain","LaLiga","2025/2026","Barcelona","Mallorca","76","24","75","25","78","22","24","9","10","4","14","5","7","4","2","2","5","2","6","3","5","1","1","2"
"90849","06-02-26 21:00","Spain","LaLiga","2025/2026","Celta Vigo","Osasuna","57","43","58","42","56","44","18","8","6","1","12","7","4","2","1","1","3","1","9","1","4","0","5","1"
"90178","02-02-26 21:00","Spain","LaLiga","2025/2026","Mallorca","Sevilla","33","67","38","62","28","72","11","15","5","7","6","8","7","5","2","3","5","2","2","2","2","2","0","0"
"89617","01-02-26 21:00","Spain","LaLiga","2025/2026","Ath Bilbao","Real Sociedad","55","45","51","49","58","42","19","9","5","7","14","2","4","6","0","6","4","0","6","2","2","0","4","2"
"89607","01-02-26 18:30","Spain","LaLiga","2025/2026","Getafe","Celta Vigo","38","62","53","47","25","75","9","5","5","0","4","5","2","1","2","0","0","1","6","2","2","0","4","2"
"89594","01-02-26 16:15","Spain","LaLiga","2025/2026","Betis","Valencia","53","47","48","52","58","42","14","15","6","9","8","6","2","4","1","2","1","2","7","7","3","5","4","2"
"89578","01-02-26 14:00","Spain","LaLiga","2025/2026","Real Madrid","Rayo Vallecano","57","43","58","42","55","45","16","11","6","6","10","5","6","4","2","1","4","3","6","4","2","2","4","2"
"88949","31-01-26 21:00","Spain","LaLiga","2025/2026","Elche","Barcelona","39","61","35","65","43","57","9","30","4","17","5","13","3","8","1","5","2","3","5","15","3","11","2","4"
"88936","31-01-26 18:30","Spain","LaLiga","2025/2026","Levante","Atl. Madrid","45","55","38","62","52","48","10","10","2","5","8","5","2","4","0","1","2","3","4","4","1","3","3","1"
"88922","31-01-26 16:15","Spain","LaLiga","2025/2026","Osasuna","Villarreal","47","53","49","51","44","56","15","5","10","3","5","2","5","4","4","3","1","1","7","1","5","0","2","1"
"88873","31-01-26 14:00","Spain","LaLiga","2025/2026","Oviedo","Girona","34","66","35","65","32","68","8","9","2","1","6","8","4","1","1","0","3","1","2","6","0","1","2","5"
"88854","30-01-26 21:00","Spain","LaLiga","2025/2026","Espanyol","Alaves","50","50","43","57","59","41","10","11","3","6","7","5","3","7","1","5","2","2","5","4","1","1","4","3"
"86848","26-01-26 21:00","Spain","LaLiga","2025/2026","Girona","Getafe","69","31","65","35","74","26","12","8","4","4","8","4","4","2","1","0","3","2","6","1","2","1","4","0"
"85222","25-01-26 21:00","Spain","LaLiga","2025/2026","Alaves","Betis","45","55","42","58","47","53","17","18","9","9","8","9","9","4","6","3","3","1","2","6","1","3","1","3"
"85216","25-01-26 18:30","Spain","LaLiga","2025/2026","Real Sociedad","Celta Vigo","36","64","47","53","22","78","10","17","4","6","6","11","4","4","1","1","3","3","1","6","1","0","0","6"
"85203","25-01-26 16:15","Spain","LaLiga","2025/2026","Barcelona","Oviedo","73","27","73","27","73","27","15","12","5","6","10","6","7","3","1","2","6","1","4","4","1","2","3","2"
"85188","25-01-26 14:00","Spain","LaLiga","2025/2026","Atl. Madrid","Mallorca","61","39","59","41","63","37","17","6","6","2","11","4","8","1","4","0","4","1","6","4","1","2","5","2"
"84322","24-01-26 21:00","Spain","LaLiga","2025/2026","Villarreal","Real Madrid","42","58","43","57","41","59","8","14","4","8","4","6","1","4","0","2","1","2","4","4","2","3","2","1"
"84310","24-01-26 18:30","Spain","LaLiga","2025/2026","Sevilla","Ath Bilbao","50","50","59","41","41","59","10","15","7","8","3","7","7","3","4","2","3","1","2","7","2","3","0","4"
"84300","24-01-26 16:15","Spain","LaLiga","2025/2026","Valencia","Espanyol","47","53","51","49","42","58","10","16","4","4","6","12","5","6","1","1","4","5","2","5","1","1","1","4"
"84255","24-01-26 14:00","Spain","LaLiga","2025/2026","Rayo Vallecano","Osasuna","67","33","66","34","68","32","11","14","1","8","10","6","4","5","0","3","4","2","4","6","0","3","4","3"
"83928","23-01-26 21:00","Spain","LaLiga","2025/2026","Levante","Elche","41","59","45","55","37","63","26","6","15","3","11","3","6","3","0","2","6","1","7","2","6","1","1","1"
"81005","19-01-26 21:00","Spain","LaLiga","2025/2026","Elche","Sevilla","50","50","51","49","49","51","10","25","4","10","6","15","5","8","2","2","3","6","2","11","1","6","1","5"
"79706","18-01-26 21:00","Spain","LaLiga","2025/2026","Real Sociedad","Barcelona","28","72","26","74","29","71","8","25","3","12","5","13","6","9","3","4","3","5","1","11","0","5","1","6"
"79700","18-01-26 18:30","Spain","LaLiga","2025/2026","Celta Vigo","Rayo Vallecano","49","51","53","47","43","57","11","14","5","7","6","7","7","3","3","1","4","2","1","4","1","2","0","2"
"79689","18-01-26 16:15","Spain","LaLiga","2025/2026","Atl. Madrid","Alaves","54","46","58","42","50","50","23","8","16","2","7","6","6","0","4","0","2","0","9","6","5","2","4","4"
"79678","18-01-26 14:00","Spain","LaLiga","2025/2026","Getafe","Valencia","55","45","54","46","58","42","14","7","8","1","6","6","3","1","3","0","0","1","6","3","3","1","3","2"
"79666","17-01-26 21:00","Spain","LaLiga","2025/2026","Betis","Villarreal","60","40","61","39","59","41","15","9","7","3","8","6","6","3","3","2","3","1","6","5","3","1","3","4"
"79653","17-01-26 18:30","Spain","LaLiga","2025/2026","Osasuna","Oviedo","51","49","56","44","46","54","16","13","7","6","9","7","5","5","2","3","3","2","6","6","2","2","4","4"
"79642","17-01-26 16:15","Spain","LaLiga","2025/2026","Mallorca","Ath Bilbao","51","49","51","49","51","49","18","21","5","13","13","8","9","11","4","6","5","5","8","5","1","4","7","1"
"79596","17-01-26 14:00","Spain","LaLiga","2025/2026","Real Madrid","Levante","70","30","70","30","70","30","26","10","6","8","20","2","11","0","1","0","10","0","10","8","2","6","8","2"
"79577","16-01-26 21:00","Spain","LaLiga","2025/2026","Espanyol","Girona","49","51","44","56","55","45","14","7","2","3","12","4","2","4","0","2","2","2","9","2","0","1","9","1"
"79548","12-01-26 21:00","Spain","LaLiga","2025/2026","Sevilla","Celta Vigo","59","41","61","39","56","44","7","9","4","5","3","4","2","7","0","3","2","4","2","2","2","2","0","0"
"79021","11-01-26 16:15","Spain","LaLiga","2025/2026","Levante","Espanyol","49","51","55","45","43","57","8","19","4","8","4","11","2","3","1","1","1","2","3","10","2","6","1","4"
"79013","11-01-26 14:00","Spain","LaLiga","2025/2026","Rayo Vallecano","Mallorca","53","47","57","43","49","51","14","9","9","4","5","5","5","2","3","2","2","0","7","5","5","2","2","3"
"77861","10-01-26 21:00","Spain","LaLiga","2025/2026","Valencia","Elche","39","61","34","66","44","56","16","5","8","1","8","4","4","1","2","0","2","1","9","2","6","0","3","2"
"77856","10-01-26 18:30","Spain","LaLiga","2025/2026","Girona","Osasuna","46","54","51","49","41","59","8","13","4","7","4","6","4","1","1","0","3","1","3","11","2","6","1","5"
"77852","10-01-26 16:15","Spain","LaLiga","2025/2026","Villarreal","Alaves","44","56","45","55","44","56","11","16","2","4","9","12","4","5","0","2","4","3","5","7","1","2","4","5"
"77837","10-01-26 14:00","Spain","LaLiga","2025/2026","Oviedo","Betis","42","58","43","57","42","58","13","15","9","4","4","11","3","6","1","1","2","5","5","7","4","3","1","4"
"76527","09-01-26 21:00","Spain","LaLiga","2025/2026","Getafe","Real Sociedad","43","57","33","67","53","47","6","12","3","2","3","10","3","5","2","1","1","4","2","5","1","0","1","5"
"75783","04-01-26 21:00","Spain","LaLiga","2025/2026","Real Sociedad","Atl. Madrid","45","55","48","52","43","57","18","10","8","3","10","7","8","2","2","0","6","2","5","6","3","3","2","3"
"75776","04-01-26 18:30","Spain","LaLiga","2025/2026","Alaves","Oviedo","57","43","52","48","61","39","18","18","8","8","10","10","7","6","2","2","5","4","8","7","5","4","3","3"
"75777","04-01-26 18:30","Spain","LaLiga","2025/2026","Mallorca","Girona","49","51","36","64","64","36","9","9","3","5","6","4","2","4","1","2","1","2","4","2","2","0","2","2"
"75768","04-01-26 16:15","Spain","LaLiga","2025/2026","Real Madrid","Betis","61","39","57","43","65","35","19","13","9","5","10","8","9","5","1","0","8","5","5","6","5","4","0","2"
"75748","04-01-26 14:00","Spain","LaLiga","2025/2026","Sevilla","Levante","64","36","57","43","72","28","15","6","3","3","12","3","7","4","2","2","5","2","3","1","0","1","3","0"
"75735","03-01-26 21:00","Spain","LaLiga","2025/2026","Espanyol","Barcelona","31","69","28","72","35","65","14","15","7","3","7","12","7","6","3","1","4","5","1","5","0","2","1","3"
"75722","03-01-26 18:30","Spain","LaLiga","2025/2026","Elche","Villarreal","78","22","75","25","81","19","16","12","9","7","7","5","2","4","1","3","1","1","8","6","6","2","2","4"
"75715","03-01-26 16:15","Spain","LaLiga","2025/2026","Osasuna","Ath Bilbao","49","51","48","52","49","51","11","16","9","6","2","10","4","6","4","2","0","4","4","6","2","4","2","2"
"75704","03-01-26 14:00","Spain","LaLiga","2025/2026","Celta Vigo","Valencia","40","60","38","62","42","58","12","16","4","8","8","8","6","5","2","1","4","4","5","8","2","6","3","2"
"75696","02-01-26 21:00","Spain","LaLiga","2025/2026","Rayo Vallecano","Getafe","60","40","68","32","51","49","13","12","9","7","4","5","4","4","2","2","2","2","5","6","3","3","2","3"
"75498","22-12-25 21:00","Spain","LaLiga","2025/2026","Ath Bilbao","Espanyol","66","34","55","45","76","24","17","10","8","5","9","5","7","5","4","3","3","2","4","3","1","1","3","2"
"75482","21-12-25 21:00","Spain","LaLiga","2025/2026","Betis","Getafe","49","51","57","43","39","61","19","15","9","3","10","12","8","3","3","0","5","3","9","7","5","1","4","6"
"75483","21-12-25 18:30","Spain","LaLiga","2025/2026","Elche","Rayo Vallecano","46","54","44","56","48","52","18","18","10","9","8","9","6","8","2","4","4","4","9","6","5","2","4","4"
"75484","21-12-25 16:15","Spain","LaLiga","2025/2026","Villarreal","Barcelona","20","80","28","72","14","86","14","19","8","5","6","14","5","5","2","1","3","4","6","9","5","4","1","5"
"75485","21-12-25 14:00","Spain","LaLiga","2025/2026","Girona","Atl. Madrid","51","49","55","45","46","54","9","14","4","8","5","6","2","6","1","3","1","3","2","5","1","4","1","1"
"75448","20-12-25 21:00","Spain","LaLiga","2025/2026","Real Madrid","Sevilla","53","47","57","43","48","52","18","14","8","4","10","10","8","5","2","0","6","5","7","5","5","3","2","2"
"75449","20-12-25 18:30","Spain","LaLiga","2025/2026","Osasuna","Alaves","47","53","51","49","42","58","16","7","6","3","10","4","7","3","1","1","6","2","7","3","3","1","4","2"
"75450","20-12-25 16:15","Spain","LaLiga","2025/2026","Levante","Real Sociedad","44","56","42","58","47","53","13","18","3","9","10","9","3","6","1","2","2","4","5","7","1","3","4","4"
"75451","20-12-25 14:00","Spain","LaLiga","2025/2026","Oviedo","Celta Vigo","56","44","50","50","61","39","10","6","4","2","6","4","3","2","2","0","1","2","5","3","2","1","3","2"
"75375","19-12-25 21:00","Spain","LaLiga","2025/2026","Valencia","Mallorca","71","29","71","29","71","29","17","4","8","3","9","1","2","2","0","2","2","0","5","1","1","0","4","1"
"75358","15-12-25 21:00","Spain","LaLiga","2025/2026","Rayo Vallecano","Betis","59","41","60","40","59","41","23","13","13","9","10","4","7","6","4","3","3","3","9","4","3","3","6","1"
"75339","14-12-25 21:00","Spain","LaLiga","2025/2026","Alaves","Real Madrid","52","48","52","48","52","48","6","13","2","5","4","8","2","6","1","1","1","5","2","5","0","2","2","3"
"75340","14-12-25 16:15","Spain","LaLiga","2025/2026","Celta Vigo","Ath Bilbao","50","50","49","51","50","50","5","14","1","5","4","9","2","2","0","1","2","1","2","6","0","1","2","5"
"75341","14-12-25 14:00","Spain","LaLiga","2025/2026","Sevilla","Oviedo","56","44","50","50","61","39","13","5","6","3","7","2","7","1","2","1","5","0","2","3","1","1","1","2"
"75294","13-12-25 21:00","Spain","LaLiga","2025/2026","Getafe","Espanyol","56","44","41","59","69","31","11","6","3","3","8","3","1","4","0","1","1","3","6","2","2","2","4","0"
"75295","13-12-25 18:30","Spain","LaLiga","2025/2026","Barcelona","Osasuna","80","20","81","19","79","21","24","3","13","2","11","1","7","2","3","2","4","0","10","1","7","0","3","1"
"75296","13-12-25 16:15","Spain","LaLiga","2025/2026","Mallorca","Elche","42","58","40","60","45","55","15","9","5","4","10","5","8","0","3","0","5","0","5","6","2","3","3","3"
"75297","13-12-25 14:00","Spain","LaLiga","2025/2026","Atl. Madrid","Valencia","46","54","44","56","49","51","10","13","6","9","4","4","6","2","4","0","2","2","2","7","1","6","1","1"
"75215","12-12-25 21:00","Spain","LaLiga","2025/2026","Real Sociedad","Girona","47","53","52","48","41","59","9","14","6","4","3","10","4","3","3","1","1","2","3","6","2","1","1","5"
"75145","08-12-25 21:00","Spain","LaLiga","2025/2026","Osasuna","Levante","41","59","43","57","39","61","14","11","10","6","4","5","6","5","3","3","3","2","2","2","1","0","1","2"
"75119","07-12-25 21:00","Spain","LaLiga","2025/2026","Real Madrid","Celta Vigo","58","42","62","38","53","47","23","7","11","3","12","4","7","5","4","1","3","4","12","1","5","1","7","0"
"75120","07-12-25 18:30","Spain","LaLiga","2025/2026","Espanyol","Rayo Vallecano","36","64","34","66","39","61","9","6","5","2","4","4","2","2","1","1","1","1","5","1","3","1","2","0"
"75121","07-12-25 16:15","Spain","LaLiga","2025/2026","Valencia","Sevilla","48","52","49","51","47","53","11","4","2","3","9","1","3","1","0","1","3","0","5","3","1","2","4","1"
"75122","07-12-25 14:00","Spain","LaLiga","2025/2026","Elche","Girona","58","42","62","38","54","46","11","8","6","3","5","5","6","4","3","1","3","3","3","2","1","2","2","0"
"75068","06-12-25 21:00","Spain","LaLiga","2025/2026","Ath Bilbao","Atl. Madrid","44","56","47","53","42","58","14","7","9","3","5","4","3","3","1","1","2","2","8","3","6","2","2","1"
"75069","06-12-25 18:30","Spain","LaLiga","2025/2026","Betis","Barcelona","38","62","37","63","39","61","17","16","7","8","10","8","5","8","1","6","4","2","7","6","4","1","3","5"
"75070","06-12-25 16:15","Spain","LaLiga","2025/2026","Alaves","Real Sociedad","38","62","48","52","28","72","14","10","8","2","6","8","3","1","1","1","2","0","7","7","3","1","4","6"
"75071","06-12-25 14:00","Spain","LaLiga","2025/2026","Villarreal","Getafe","61","39","59","41","64","36","10","6","5","4","5","2","5","0","3","0","2","0","2","3","1","3","1","0"
"75007","05-12-25 21:00","Spain","LaLiga","2025/2026","Oviedo","Mallorca","62","38","61","39","64","36","15","13","8","6","7","7","3","6","2","5","1","1","8","5","3","0","5","5"
"74983","03-12-25 19:00","Spain","LaLiga","2025/2026","Ath Bilbao","Real Madrid","38","62","35","65","41","59","9","13","5","9","4","4","4","8","3","5","1","3","4","4","1","4","3","0"
"74958","02-12-25 21:00","Spain","LaLiga","2025/2026","Barcelona","Atl. Madrid","58","42","71","29","47","53","19","7","12","1","7","6","6","2","3","1","3","1","9","4","5","0","4","4"
"74948","01-12-25 21:00","Spain","LaLiga","2025/2026","Rayo Vallecano","Valencia","56","44","61","39","51","49","19","10","11","3","8","7","7","2","6","1","1","1","9","4","4","1","5","3"
"74931","30-11-25 21:00","Spain","LaLiga","2025/2026","Girona","Real Madrid","40","60","45","55","34","66","10","25","5","9","5","16","4","4","2","1","2","3","4","12","2","4","2","8"
"74932","30-11-25 18:30","Spain","LaLiga","2025/2026","Celta Vigo","Espanyol","60","40","60","40","62","38","11","9","5","1","6","8","4","2","1","0","3","2","2","4","1","1","1","3"
"74933","30-11-25 16:15","Spain","LaLiga","2025/2026","Sevilla","Betis","65","35","63","37","66","34","9","9","2","4","7","5","3","4","0","1","3","3","4","3","2","3","2","0"
"74934","30-11-25 14:00","Spain","LaLiga","2025/2026","Real Sociedad","Villarreal","60","40","57","43","63","37","18","10","5","3","13","7","7","5","3","2","4","3","6","4","1","1","5","3"
"74877","29-11-25 21:00","Spain","LaLiga","2025/2026","Atl. Madrid","Oviedo","52","48","58","42","46","54","14","12","9","4","5","8","8","1","5","1","3","0","5","8","3","2","2","6"
"74878","29-11-25 18:30","Spain","LaLiga","2025/2026","Levante","Ath Bilbao","56","44","55","45","58","42","11","14","5","10","6","4","4","4","2","3","2","1","5","8","1","6","4","2"
"74879","29-11-25 16:15","Spain","LaLiga","2025/2026","Barcelona","Alaves","69","31","63","37","75","25","18","9","7","7","11","2","6","2","2","2","4","0","6","5","2","4","4","1"
"74880","29-11-25 14:00","Spain","LaLiga","2025/2026","Mallorca","Osasuna","52","48","65","35","38","62","7","14","2","6","5","8","4","2","1","0","3","2","3","6","1","3","2","3"
"74795","28-11-25 21:00","Spain","LaLiga","2025/2026","Getafe","Elche","34","66","34","66","34","66","15","9","7","4","8","5","6","4","1","2","5","2","5","3","2","1","3","2"
"74735","24-11-25 21:00","Spain","LaLiga","2025/2026","Espanyol","Sevilla","33","67","33","67","33","67","8","22","4","9","4","13","5","6","2","4","3","2","2","8","2","3","0","5"
"74712","23-11-25 21:00","Spain","LaLiga","2025/2026","Elche","Real Madrid","49","51","46","54","51","49","15","20","7","8","8","12","6","7","3","2","3","5","4","10","2","4","2","6"
"74713","23-11-25 18:30","Spain","LaLiga","2025/2026","Getafe","Atl. Madrid","41","59","38","62","45","55","9","13","3","8","6","5","1","6","1","3","0","3","4","2","0","2","4","0"
"74714","23-11-25 16:15","Spain","LaLiga","2025/2026","Betis","Girona","54","46","50","50","59","41","23","11","11","8","12","3","7","4","3","3","4","1","12","2","8","2","4","0"
"74715","23-11-25 14:00","Spain","LaLiga","2025/2026","Oviedo","Rayo Vallecano","39","61","51","49","28","72","8","11","4","3","4","8","3","3","3","0","0","3","4","6","1","1","3","5"
"74665","22-11-25 21:00","Spain","LaLiga","2025/2026","Villarreal","Mallorca","58","42","58","42","58","42","14","9","6","6","8","3","7","3","3","3","4","0","4","4","2","2","2","2"
"74666","22-11-25 18:30","Spain","LaLiga","2025/2026","Osasuna","Real Sociedad","46","54","43","57","49","51","14","19","6","7","8","12","4","9","1","2","3","7","8","5","4","2","4","3"
"74667","22-11-25 16:15","Spain","LaLiga","2025/2026","Barcelona","Ath Bilbao","68","32","61","39","76","24","19","13","8","8","11","5","7","2","4","1","3","1","5","8","2","5","3","3"
"74668","22-11-25 14:00","Spain","LaLiga","2025/2026","Alaves","Celta Vigo","52","48","55","45","48","52","5","7","1","1","4","6","2","4","0","0","2","4","3","2","1","1","2","1"
"74582","21-11-25 21:00","Spain","LaLiga","2025/2026","Valencia","Levante","59","41","59","41","60","40","14","8","9","4","5","4","3","1","1","0","2","1","5","6","3","3","2","3"
"74505","09-11-25 21:00","Spain","LaLiga","2025/2026","Celta Vigo","Barcelona","39","61","36","64","41","59","5","21","4","14","1","7","3","9","3","8","0","1","1","4","1","2","0","2"
"74506","09-11-25 18:30","Spain","LaLiga","2025/2026","Mallorca","Getafe","39","61","46","54","33","67","6","14","2","9","4","5","4","3","1","2","3","1","1","5","1","3","0","2"
"74507","09-11-25 18:30","Spain","LaLiga","2025/2026","Valencia","Betis","43","57","44","56","43","57","17","9","8","3","9","6","4","2","3","0","1","2","6","5","3","2","3","3"
"74508","09-11-25 16:15","Spain","LaLiga","2025/2026","Rayo Vallecano","Real Madrid","46","54","46","54","45","55","13","21","4","5","9","16","2","5","1","2","1","3","8","10","2","3","6","7"
"74509","09-11-25 14:00","Spain","LaLiga","2025/2026","Ath Bilbao","Oviedo","48","52","48","52","48","52","21","5","8","3","13","2","7","2","3","2","4","0","12","2","3","0","9","2"
"74442","08-11-25 21:00","Spain","LaLiga","2025/2026","Espanyol","Villarreal","55","45","49","51","62","38","14","9","6","2","8","7","3","3","0","1","3","2","4","3","2","0","2","3"
"74443","08-11-25 18:30","Spain","LaLiga","2025/2026","Atl. Madrid","Levante","74","26","77","23","72","28","25","6","9","2","16","4","10","3","3","1","7","2","9","2","3","1","6","1"
"74444","08-11-25 16:15","Spain","LaLiga","2025/2026","Sevilla","Osasuna","47","53","60","40","33","67","10","9","5","3","5","6","4","3","0","0","4","3","2","1","1","0","1","1"
"74445","08-11-25 14:00","Spain","LaLiga","2025/2026","Girona","Alaves","52","48","62","38","39","61","10","14","7","6","3","8","2","5","2","4","0","1","4","7","3","1","1","6"
"74357","07-11-25 21:00","Spain","LaLiga","2025/2026","Elche","Real Sociedad","63","37","67","33","58","42","12","13","9","6","3","7","3","5","2","2","1","3","8","4","6","2","2","2"
"74295","03-11-25 21:00","Spain","LaLiga","2025/2026","Oviedo","Osasuna","53","47","51","49","54","46","8","11","4","8","4","3","2","5","1","4","1","1","4","5","3","3","1","2"
"74268","02-11-25 21:00","Spain","LaLiga","2025/2026","Betis","Mallorca","52","48","55","45","49","51","15","14","6","6","9","8","8","1","4","0","4","1","4","10","1","5","3","5"
"74269","02-11-25 18:30","Spain","LaLiga","2025/2026","Barcelona","Elche","49","51","55","45","44","56","17","9","11","1","6","8","5","3","4","1","1","2","6","4","4","0","2","4"
"74270","02-11-25 16:15","Spain","LaLiga","2025/2026","Alaves","Espanyol","54","46","67","33","38","62","13","18","7","9","6","9","4","2","4","1","0","1","6","6","1","2","5","4"
"74271","02-11-25 14:00","Spain","LaLiga","2025/2026","Levante","Celta Vigo","36","64","38","62","33","67","9","20","4","10","5","10","3","6","1","4","2","2","5","9","3","3","2","6"
"74216","01-11-25 21:00","Spain","LaLiga","2025/2026","Real Madrid","Valencia","65","35","62","38","67","33","21","4","13","1","8","3","11","1","9","0","2","1","4","2","1","0","3","2"
"74217","01-11-25 18:30","Spain","LaLiga","2025/2026","Real Sociedad","Ath Bilbao","51","49","55","45","46","54","9","11","6","3","3","8","5","4","3","1","2","3","3","5","2","2","1","3"
"74218","01-11-25 16:15","Spain","LaLiga","2025/2026","Atl. Madrid","Sevilla","47","53","49","51","46","54","15","10","7","4","8","6","6","2","2","0","4","2","6","7","3","3","3","4"
"74219","01-11-25 14:00","Spain","LaLiga","2025/2026","Villarreal","Rayo Vallecano","47","53","42","58","52","48","16","13","7","7","9","6","7","3","3","2","4","1","6","7","1","2","5","5"
"74150","31-10-25 21:00","Spain","LaLiga","2025/2026","Getafe","Girona","40","60","42","58","38","62","12","8","3","4","9","4","4","4","1","2","3","2","7","2","2","1","5","1"
"70024","27-10-25 21:00","Spain","LaLiga","2025/2026","Betis","Atl. Madrid","57","43","57","43","58","42","17","9","5","9","12","0","5","4","1","4","4","0","7","4","3","4","4","0"
"69168","26-10-25 21:00","Spain","LaLiga","2025/2026","Rayo Vallecano","Alaves","54","46","56","44","51","49","15","12","7","5","8","7","5","2","3","0","2","2","8","3","3","1","5","2"
"69169","26-10-25 18:30","Spain","LaLiga","2025/2026","Osasuna","Celta Vigo","61","39","64","36","58","42","17","11","12","6","5","5","7","5","6","2","1","3","7","4","5","3","2","1"
"69170","26-10-25 16:15","Spain","LaLiga","2025/2026","Real Madrid","Barcelona","32","68","36","64","26","74","23","15","12","7","11","8","10","6","7","4","3","2","6","5","2","2","4","3"
"69171","26-10-25 14:00","Spain","LaLiga","2025/2026","Mallorca","Levante","63","37","68","32","58","42","20","13","10","4","10","9","4","5","2","2","2","3","11","3","5","1","6","2"
"67680","25-10-25 21:00","Spain","LaLiga","2025/2026","Valencia","Villarreal","57","43","50","50","63","37","15","12","9","3","6","9","3","5","1","1","2","4","6","4","4","0","2","4"
"67681","25-10-25 18:30","Spain","LaLiga","2025/2026","Ath Bilbao","Getafe","56","44","56","44","57","43","7","8","2","2","5","6","4","3","1","0","3","3","1","1","0","1","1","0"
"67682","25-10-25 16:15","Spain","LaLiga","2025/2026","Espanyol","Elche","32","68","35","65","28","72","16","13","8","4","8","9","7","4","5","3","2","1","8","4","2","1","6","3"
"67683","25-10-25 14:00","Spain","LaLiga","2025/2026","Girona","Oviedo","65","35","61","39","71","29","8","10","3","7","5","3","6","5","1","2","5","3","1","3","1","3","0","0"
"67362","24-10-25 21:00","Spain","LaLiga","2025/2026","Real Sociedad","Sevilla","40","60","51","49","30","70","5","6","3","3","2","3","3","1","3","1","0","0","2","3","0","1","2","2"
"67303","20-10-25 21:00","Spain","LaLiga","2025/2026","Alaves","Valencia","62","38","64","36","61","39","13","5","8","3","5","2","3","2","2","1","1","1","7","3","4","2","3","1"
"67234","19-10-25 21:00","Spain","LaLiga","2025/2026","Getafe","Real Madrid","24","76","24","76","24","76","7","23","2","9","5","14","1","10","0","5","1","5","5","9","2","3","3","6"
"67235","19-10-25 18:30","Spain","LaLiga","2025/2026","Levante","Rayo Vallecano","54","46","50","50","57","43","17","10","4","4","13","6","4","5","1","2","3","3","5","3","3","1","2","2"
"67236","19-10-25 16:15","Spain","LaLiga","2025/2026","Celta Vigo","Real Sociedad","41","59","58","42","27","73","4","17","2","5","2","12","1","7","1","1","0","6","3","4","1","2","2","2"
"67237","19-10-25 14:00","Spain","LaLiga","2025/2026","Elche","Ath Bilbao","69","31","69","31","68","32","15","4","7","1","8","3","5","1","2","0","3","1","4","2","3","1","1","1"
"67195","18-10-25 21:00","Spain","LaLiga","2025/2026","Atl. Madrid","Osasuna","59","41","67","33","51","49","18","9","11","3","7","6","9","2","5","1","4","1","9","5","6","1","3","4"
"67196","18-10-25 18:30","Spain","LaLiga","2025/2026","Villarreal","Betis","39","61","44","56","35","65","7","16","3","4","4","12","3","3","2","0","1","3","4","7","1","1","3","6"
"67197","18-10-25 16:15","Spain","LaLiga","2025/2026","Barcelona","Girona","68","32","70","30","66","34","27","11","10","6","17","5","9","4","3","3","6","1","12","4","4","2","8","2"
"67198","18-10-25 14:00","Spain","LaLiga","2025/2026","Sevilla","Mallorca","58","42","57","43","60","40","13","7","4","3","9","4","4","6","3","2","1","4","2","1","0","1","2","0"
"66620","17-10-25 21:00","Spain","LaLiga","2025/2026","Oviedo","Espanyol","61","39","59","41","62","38","13","19","4","7","9","12","4","10","1","4","3","6","5","5","3","0","2","5"
"65625","05-10-25 21:00","Spain","LaLiga","2025/2026","Celta Vigo","Atl. Madrid","59","41","51","49","69","31","18","6","7","4","11","2","4","1","2","1","2","0","11","4","3","3","8","1"
"65626","05-10-25 18:30","Spain","LaLiga","2025/2026","Espanyol","Betis","50","50","47","53","53","47","14","12","3","6","11","6","5","3","1","0","4","3","8","6","2","4","6","2"
"65627","05-10-25 18:30","Spain","LaLiga","2025/2026","Real Sociedad","Rayo Vallecano","51","49","50","50","52","48","10","7","3","1","7","6","3","2","1","0","2","2","1","3","1","1","0","2"
"65628","05-10-25 16:15","Spain","LaLiga","2025/2026","Sevilla","Barcelona","39","61","46","54","31","69","13","17","7","5","6","12","5","8","3","3","2","5","6","4","4","1","2","3"
"65629","05-10-25 14:00","Spain","LaLiga","2025/2026","Alaves","Elche","47","53","51","49","44","56","25","6","12","2","13","4","5","3","1","2","4","1","8","1","3","0","5","1"
"65572","04-10-25 21:00","Spain","LaLiga","2025/2026","Real Madrid","Villarreal","69","31","73","27","66","34","26","9","12","4","14","5","7","2","1","1","6","1","10","3","6","2","4","1"
"65573","04-10-25 18:30","Spain","LaLiga","2025/2026","Ath Bilbao","Mallorca","52","48","54","46","50","50","18","7","12","1","6","6","5","2","3","0","2","2","6","4","4","1","2","3"
"65574","04-10-25 16:15","Spain","LaLiga","2025/2026","Girona","Valencia","45","55","54","46","34","66","4","19","2","6","2","13","4","6","2","1","2","5","0","8","0","3","0","5"
"65575","04-10-25 14:00","Spain","LaLiga","2025/2026","Oviedo","Levante","57","43","50","50","68","32","13","14","2","6","11","8","2","5","0","3","2","2","6","1","2","0","4","1"
"65496","03-10-25 21:00","Spain","LaLiga","2025/2026","Osasuna","Getafe","58","42","51","49","64","36","7","6","4","4","3","2","3","2","1","2","2","0","4","3","3","1","1","2"
"65460","30-09-25 20:00","Spain","LaLiga","2025/2026","Valencia","Oviedo","57","43","55","45","59","41","16","10","6","6","10","4","5","4","3","1","2","3","8","3","2","3","6","0"
"65407","28-09-25 21:00","Spain","LaLiga","2025/2026","Betis","Osasuna","51","49","53","47","48","52","12","12","8","3","4","9","6","1","4","0","2","1","3","8","3","2","0","6"
"65408","28-09-25 18:30","Spain","LaLiga","2025/2026","Barcelona","Real Sociedad","75","25","86","14","62","38","22","7","9","3","13","4","12","2","6","1","6","1","5","3","1","1","4","2"
"65409","28-09-25 16:15","Spain","LaLiga","2025/2026","Elche","Celta Vigo","62","38","64","36","60","40","17","8","9","7","8","1","8","2","3","2","5","0","4","3","3","3","1","0"
"65410","28-09-25 14:00","Spain","LaLiga","2025/2026","Rayo Vallecano","Sevilla","64","36","65","35","63","37","18","4","4","3","14","1","6","1","2","0","4","1","7","1","1","1","6","0"
"65364","27-09-25 21:00","Spain","LaLiga","2025/2026","Villarreal","Ath Bilbao","42","58","42","58","43","57","14","16","5","14","9","2","5","4","3","4","2","0","6","5","2","3","4","2"
"65365","27-09-25 18:30","Spain","LaLiga","2025/2026","Mallorca","Alaves","38","62","42","58","34","66","12","12","6","5","6","7","3","3","2","0","1","3","4","6","2","2","2","4"
"65366","27-09-25 16:15","Spain","LaLiga","2025/2026","Atl. Madrid","Real Madrid","37","63","43","57","31","69","13","6","8","3","5","3","7","2","3","2","4","0","4","2","3","1","1","1"
"65367","27-09-25 14:00","Spain","LaLiga","2025/2026","Getafe","Levante","54","46","57","43","51","49","11","11","2","5","9","6","4","3","1","2","3","1","6","6","1","3","5","3"
"65283","26-09-25 21:00","Spain","LaLiga","2025/2026","Girona","Espanyol","60","40","55","45","64","36","12","20","5","11","7","9","3","5","1","4","2","1","4","10","1","5","3","5"
"65266","25-09-25 21:30","Spain","LaLiga","2025/2026","Oviedo","Barcelona","20","80","22","78","19","81","7","22","4","11","3","11","3","10","1","3","2","7","1","4","1","2","0","2"
"65267","25-09-25 19:30","Spain","LaLiga","2025/2026","Osasuna","Elche","39","61","47","53","32","68","9","12","4","3","5","9","2","4","2","0","0","4","4","2","2","0","2","2"
"65260","24-09-25 21:30","Spain","LaLiga","2025/2026","Atl. Madrid","Rayo Vallecano","61","39","60","40","63","37","20","9","4","4","16","5","8","3","2","1","6","2","8","6","2","3","6","3"
"65261","24-09-25 21:30","Spain","LaLiga","2025/2026","Real Sociedad","Mallorca","64","36","70","30","57","43","17","7","9","2","8","5","4","3","1","2","3","1","10","3","6","0","4","3"
"65262","24-09-25 19:00","Spain","LaLiga","2025/2026","Getafe","Alaves","46","54","44","56","47","53","7","10","1","5","6","5","1","4","0","2","1","2","1","3","0","2","1","1"
"65255","23-09-25 21:30","Spain","LaLiga","2025/2026","Levante","Real Madrid","37","63","37","63","38","62","11","24","4","16","7","8","2","10","0","6","2","4","3","11","2","8","1","3"
"65256","23-09-25 21:30","Spain","LaLiga","2025/2026","Sevilla","Villarreal","65","35","70","30","60","40","16","12","6","6","10","6","2","5","0","2","2","3","6","4","3","3","3","1"
"65257","23-09-25 19:00","Spain","LaLiga","2025/2026","Ath Bilbao","Girona","67","33","68","32","66","34","17","6","8","5","9","1","5","3","2","2","3","1","7","2","4","2","3","0"
"65258","23-09-25 19:00","Spain","LaLiga","2025/2026","Espanyol","Valencia","56","44","48","52","64","36","21","5","10","3","11","2","10","2","4","1","6","1","7","2","5","2","2","0"
"65212","21-09-25 21:00","Spain","LaLiga","2025/2026","Barcelona","Getafe","71","29","71","29","70","30","16","3","8","0","8","3","7","2","3","0","4","2","7","1","4","0","3","1"
"65213","21-09-25 18:30","Spain","LaLiga","2025/2026","Elche","Oviedo","61","39","67","33","56","44","15","12","8","5","7","7","5","4","1","1","4","3","4","5","2","2","2","3"
"65214","21-09-25 16:15","Spain","LaLiga","2025/2026","Mallorca","Atl. Madrid","42","58","29","71","58","42","8","12","1","5","7","7","3","7","1","3","2","4","3","4","0","1","3","3"
"65215","21-09-25 14:00","Spain","LaLiga","2025/2026","Rayo Vallecano","Celta Vigo","59","41","59","41","59","41","15","9","5","4","10","5","5","5","0","1","5","4","8","1","3","1","5","0"
"65163","20-09-25 21:00","Spain","LaLiga","2025/2026","Valencia","Ath Bilbao","44","56","36","64","53","47","13","11","1","9","12","2","5","5","0","5","5","0","6","2","0","2","6","0"
"65164","20-09-25 18:30","Spain","LaLiga","2025/2026","Alaves","Sevilla","48","52","46","54","51","49","8","9","4","5","4","4","5","3","2","2","3","1","2","4","1","3","1","1"
"65165","20-09-25 18:30","Spain","LaLiga","2025/2026","Villarreal","Osasuna","66","34","62","38","71","29","26","6","7","4","19","2","8","3","3","1","5","2","12","3","3","3","9","0"
"65166","20-09-25 16:15","Spain","LaLiga","2025/2026","Real Madrid","Espanyol","72","28","72","28","72","28","16","8","7","3","9","5","5","1","1","1","4","0","6","2","3","1","3","1"
"65167","20-09-25 14:00","Spain","LaLiga","2025/2026","Girona","Levante","35","65","37","63","32","68","7","14","4","4","3","10","1","7","0","1","1","6","3","6","2","3","1","3"
"65086","19-09-25 21:00","Spain","LaLiga","2025/2026","Betis","Real Sociedad","50","50","49","51","51","49","21","11","8","8","13","3","6","5","2","3","4","2","8","2","2","2","6","0"
"65057","15-09-25 21:00","Spain","LaLiga","2025/2026","Espanyol","Mallorca","38","62","45","55","29","71","9","24","6","7","3","17","3","10","2","3","1","7","5","6","3","2","2","4"
"65026","14-09-25 21:00","Spain","LaLiga","2025/2026","Barcelona","Valencia","72","28","74","26","70","30","24","2","11","0","13","2","10","1","3","0","7","1","10","1","5","0","5","1"
"65027","14-09-25 18:30","Spain","LaLiga","2025/2026","Osasuna","Rayo Vallecano","36","64","34","66","37","63","9","19","5","6","4","13","7","6","5","1","2","5","1","7","0","4","1","3"
"65028","14-09-25 16:15","Spain","LaLiga","2025/2026","Levante","Betis","33","67","30","70","35","65","5","28","3","15","2","13","2","9","2","4","0","5","2","8","1","4","1","4"
"65029","14-09-25 14:00","Spain","LaLiga","2025/2026","Celta Vigo","Girona","60","40","55","45","64","36","21","13","9","6","12","7","7","8","2","3","5","5","9","2","5","2","4","0"
"64979","13-09-25 21:00","Spain","LaLiga","2025/2026","Atl. Madrid","Villarreal","61","39","66","34","54","46","8","8","5","4","3","4","3","1","1","1","2","0","3","4","3","3","0","1"
"64980","13-09-25 18:30","Spain","LaLiga","2025/2026","Ath Bilbao","Alaves","58","42","62","38","53","47","12","4","6","1","6","3","3","2","1","0","2","2","4","2","2","1","2","1"
"64981","13-09-25 16:15","Spain","LaLiga","2025/2026","Real Sociedad","Real Madrid","64","36","50","50","77","23","23","16","6","12","17","4","4","6","0","5","4","1","7","7","2","4","5","3"
"64982","13-09-25 14:00","Spain","LaLiga","2025/2026","Getafe","Oviedo","48","52","49","51","48","52","10","5","6","3","4","2","3","1","3","0","0","1","4","2","3","2","1","0"
"64899","12-09-25 21:00","Spain","LaLiga","2025/2026","Sevilla","Elche","53","47","49","51","56","44","7","5","3","3","4","2","3","2","1","0","2","2","2","3","1","3","1","0"
"64792","31-08-25 21:30","Spain","LaLiga","2025/2026","Rayo Vallecano","Barcelona","43","57","46","54","41","59","12","12","4","5","8","7","6","3","2","3","4","0","3","6","1","2","2","4"
"64793","31-08-25 19:30","Spain","LaLiga","2025/2026","Espanyol","Osasuna","45","55","50","50","41","59","10","10","6","5","4","5","4","3","3","1","1","2","5","5","2","3","3","2"
"64794","31-08-25 19:00","Spain","LaLiga","2025/2026","Betis","Ath Bilbao","50","50","53","47","48","52","9","15","4","8","5","7","2","6","0","3","2","3","4","5","2","4","2","1"
"64795","31-08-25 17:00","Spain","LaLiga","2025/2026","Celta Vigo","Villarreal","65","35","63","37","67","33","10","8","8","2","2","6","2","3","1","2","1","1","4","4","3","0","1","4"
"64744","30-08-25 21:30","Spain","LaLiga","2025/2026","Real Madrid","Mallorca","58","42","62","38","54","46","17","9","10","3","7","6","7","5","5","1","2","4","6","2","5","1","1","1"
"64745","30-08-25 19:30","Spain","LaLiga","2025/2026","Girona","Sevilla","59","41","54","46","64","36","20","13","5","9","15","4","5","4","1","3","4","1","6","6","2","5","4","1"
"64746","30-08-25 19:00","Spain","LaLiga","2025/2026","Oviedo","Real Sociedad","43","57","44","56","43","57","8","18","3","11","5","7","1","6","1","3","0","3","7","9","2","6","5","3"
"64747","30-08-25 17:00","Spain","LaLiga","2025/2026","Alaves","Atl. Madrid","40","60","53","47","26","74","5","15","3","8","2","7","2","6","1","2","1","4","2","6","1","4","1","2"
"64665","29-08-25 21:30","Spain","LaLiga","2025/2026","Valencia","Getafe","57","43","60","40","55","45","7","11","4","3","3","8","4","1","2","0","2","1","1","6","0","2","1","4"
"64666","29-08-25 19:30","Spain","LaLiga","2025/2026","Elche","Levante","67","33","79","21","54","46","16","11","7","3","9","8","5","1","1","0","4","1","7","8","5","2","2","6"
"64647","27-08-25 21:00","Spain","LaLiga","2025/2026","Celta Vigo","Betis","47","53","35","65","60","40","14","7","3","6","11","1","5","2","1","2","4","0","6","2","2","2","4","0"
"64638","25-08-25 21:30","Spain","LaLiga","2025/2026","Sevilla","Getafe","71","29","72","28","71","29","12","9","3","6","9","3","3","6","0","4","3","2","8","1","3","1","5","0"
"64639","25-08-25 19:30","Spain","LaLiga","2025/2026","Ath Bilbao","Rayo Vallecano","41","59","43","57","38","62","11","6","6","3","5","3","4","1","2","1","2","0","3","2","0","0","3","2"
"64609","24-08-25 21:30","Spain","LaLiga","2025/2026","Oviedo","Real Madrid","35","65","27","73","45","55","6","26","1","17","5","9","3","10","1","5","2","5","3","6","0","4","3","2"
"64610","24-08-25 19:30","Spain","LaLiga","2025/2026","Real Sociedad","Espanyol","62","38","63","37","61","39","15","14","6","9","9","5","7","3","2","3","5","0","4","7","3","3","1","4"
"64611","24-08-25 19:30","Spain","LaLiga","2025/2026","Villarreal","Girona","53","47","45","55","59","41","19","5","12","3","7","2","7","2","6","0","1","2","7","1","4","1","3","0"
"64612","24-08-25 17:00","Spain","LaLiga","2025/2026","Osasuna","Valencia","56","44","56","44","55","45","16","4","9","3","7","1","4","1","3","1","1","0","6","2","2","1","4","1"
"64568","23-08-25 21:30","Spain","LaLiga","2025/2026","Levante","Barcelona","18","82","16","84","21","79","8","26","5","11","3","15","5","10","2","4","3","6","1","8","1","4","0","4"
"64569","23-08-25 19:30","Spain","LaLiga","2025/2026","Atl. Madrid","Elche","58","42","49","51","66","34","13","6","4","5","9","1","6","2","2","2","4","0","4","3","1","2","3","1"
"64570","23-08-25 17:00","Spain","LaLiga","2025/2026","Mallorca","Celta Vigo","50","50","50","50","49","51","12","8","3","5","9","3","4","2","1","2","3","0","7","4","2","2","5","2"
"64490","22-08-25 21:30","Spain","LaLiga","2025/2026","Betis","Alaves","49","51","52","48","46","54","16","11","9","6","7","5","5","5","2","3","3","2","7","5","4","2","3","3"
"64474","19-08-25 21:00","Spain","LaLiga","2025/2026","Real Madrid","Osasuna","71","29","78","22","63","37","18","2","10","1","8","1","5","0","3","0","2","0","7","2","4","1","3","1"
"64447","18-08-25 21:00","Spain","LaLiga","2025/2026","Elche","Betis","68","32","70","30","66","34","6","12","2","5","4","7","2","4","0","2","2","2","3","4","1","2","2","2"
"64419","17-08-25 21:30","Spain","LaLiga","2025/2026","Espanyol","Atl. Madrid","40","60","39","61","41","59","10","15","3","9","7","6","5","4","2","4","3","0","4","7","1","3","3","4"
"64420","17-08-25 19:30","Spain","LaLiga","2025/2026","Ath Bilbao","Sevilla","46","54","56","44","36","64","14","12","10","2","4","10","3","6","2","1","1","5","3","4","2","0","1","4"
"64421","17-08-25 17:00","Spain","LaLiga","2025/2026","Celta Vigo","Getafe","69","31","62","38","77","23","11","10","2","5","9","5","3","3","1","0","2","3","3","3","1","3","2","0"
"64387","16-08-25 21:30","Spain","LaLiga","2025/2026","Alaves","Levante","62","38","63","37","61","39","15","7","6","3","9","4","4","3","1","1","3","2","7","1","4","1","3","0"
"64388","16-08-25 21:30","Spain","LaLiga","2025/2026","Valencia","Real Sociedad","54","46","58","42","50","50","18","13","6","4","12","9","2","3","0","1","2","2","7","7","3","3","4","4"
"64389","16-08-25 19:30","Spain","LaLiga","2025/2026","Mallorca","Barcelona","29","71","30","70","27","73","4","24","2","7","2","17","1","8","1","2","0","6","2","9","1","3","1","6"
"74557","15-08-25 21:30","Spain","LaLiga","2025/2026","Villarreal","Oviedo","68","32","65","35","70","30","25","5","19","3","6","2","10","4","8","2","2","2","11","1","8","1","3","0"
"74556","15-08-25 19:00","Spain","LaLiga","2025/2026","Girona","Rayo Vallecano","44","56","53","47","35","65","7","16","2","8","5","8","2","5","0","4","2","1","2","10","1","4","1","6"